official_competition_id,calendar_dds,server_compdata_dds_exact_hash_match,source
1,cmCalendarCompetitions1.dds,cmCalendarCompetitions314.dds,img/id (fixed official ID)
3,cmCalendarCompetitions3.dds,cmCalendarCompetitions688.dds,img/id (fixed official ID)
4,cmCalendarCompetitions4.dds,cmCalendarCompetitions1047.dds,img/id (fixed official ID)
5,cmCalendarCompetitions5.dds,cmCalendarCompetitions1889.dds,img/id (fixed official ID)
6,cmCalendarCompetitions6.dds,cmCalendarCompetitions1087.dds,img/id (fixed official ID)
7,cmCalendarCompetitions7.dds,cmCalendarCompetitions1615.dds,img/id (fixed official ID)
8,cmCalendarCompetitions8.dds,cmCalendarCompetitions1235.dds,img/id (fixed official ID)
9,cmCalendarCompetitions9.dds,cmCalendarCompetitions1693.dds,img/id (fixed official ID)
10,cmCalendarCompetitions10.dds,cmCalendarCompetitions840.dds,img/id (fixed official ID)
11,cmCalendarCompetitions11.dds,cmCalendarCompetitions1746.dds,img/id (fixed official ID)
12,cmCalendarCompetitions12.dds,cmCalendarCompetitions1750.dds,img/id (fixed official ID)
13,cmCalendarCompetitions13.dds,cmCalendarCompetitions323.dds,img/id (fixed official ID)
14,cmCalendarCompetitions14.dds,cmCalendarCompetitions326.dds,img/id (fixed official ID)
15,cmCalendarCompetitions15.dds,cmCalendarCompetitions1027.dds,img/id (fixed official ID)
16,cmCalendarCompetitions16.dds,cmCalendarCompetitions594.dds,img/id (fixed official ID)
17,cmCalendarCompetitions17.dds,cmCalendarCompetitions597.dds,img/id (fixed official ID)
18,cmCalendarCompetitions18.dds,cmCalendarCompetitions1385.dds,img/id (fixed official ID)
19,cmCalendarCompetitions19.dds,cmCalendarCompetitions679.dds,img/id (fixed official ID)
20,cmCalendarCompetitions20.dds,cmCalendarCompetitions682.dds,img/id (fixed official ID)
22,cmCalendarCompetitions22.dds,cmCalendarCompetitions2066.dds,img/id (fixed official ID)
23,cmCalendarCompetitions23.dds,cmCalendarCompetitions2160.dds,img/id (fixed official ID)
24,cmCalendarCompetitions24.dds,cmCalendarCompetitions1696.dds,img/id (fixed official ID)
25,cmCalendarCompetitions25.dds,cmCalendarCompetitions2126.dds,img/id (fixed official ID)
27,cmCalendarCompetitions27.dds,cmCalendarCompetitions1806.dds;cmCalendarCompetitions1829.dds,img/id (fixed official ID)
28,cmCalendarCompetitions28.dds,cmCalendarCompetitions1781.dds,img/id (fixed official ID)
29,cmCalendarCompetitions29.dds,cmCalendarCompetitions1791.dds,img/id (fixed official ID)
30,cmCalendarCompetitions30.dds,cmCalendarCompetitions1911.dds,img/id (fixed official ID)
31,cmCalendarCompetitions31.dds,cmCalendarCompetitions761.dds,img/id (fixed official ID)
32,cmCalendarCompetitions32.dds,cmCalendarCompetitions764.dds,img/id (fixed official ID)
33,cmCalendarCompetitions33.dds,cmCalendarCompetitions1900.dds,img/id (fixed official ID)
34,cmCalendarCompetitions34.dds,cmCalendarCompetitions1881.dds,img/id (fixed official ID)
35,cmCalendarCompetitions35.dds,cmCalendarCompetitions1847.dds,img/id (fixed official ID)
36,cmCalendarCompetitions36.dds,cmCalendarCompetitions1975.dds,img/id (fixed official ID)
37,cmCalendarCompetitions37.dds,cmCalendarCompetitions1955.dds,img/id (fixed official ID)
38,cmCalendarCompetitions38.dds,cmCalendarCompetitions2035.dds,img/id (fixed official ID)
39,cmCalendarCompetitions39.dds,cmCalendarCompetitions1161.dds,img/id (fixed official ID)
40,cmCalendarCompetitions40.dds,cmCalendarCompetitions1715.dds,img/id (fixed official ID)
41,cmCalendarCompetitions41.dds,cmCalendarCompetitions1738.dds,img/id (fixed official ID)
42,cmCalendarCompetitions42.dds,cmCalendarCompetitions2056.dds,img/id (fixed official ID)
43,cmCalendarCompetitions43.dds,cmCalendarCompetitions1965.dds,img/id (fixed official ID)
44,cmCalendarCompetitions44.dds,cmCalendarCompetitions1864.dds,img/id (fixed official ID)
45,cmCalendarCompetitions45.dds,cmCalendarCompetitions1854.dds,img/id (fixed official ID)
46,cmCalendarCompetitions46.dds,cmCalendarCompetitions847.dds,img/id (fixed official ID)
47,cmCalendarCompetitions47.dds,cmCalendarCompetitions1227.dds,img/id (fixed official ID)
48,cmCalendarCompetitions48.dds,cmCalendarCompetitions2016.dds,img/id (fixed official ID)
49,cmCalendarCompetitions49.dds,cmCalendarCompetitions1874.dds,img/id (fixed official ID)
50,cmCalendarCompetitions50.dds,cmCalendarCompetitions926.dds,img/id (fixed official ID)
53,cmCalendarCompetitions53.dds,cmCalendarCompetitions932.dds,img/id (fixed official ID)
54,cmCalendarCompetitions54.dds,cmCalendarCompetitions935.dds,img/id (fixed official ID)
56,cmCalendarCompetitions56.dds,cmCalendarCompetitions1031.dds,img/id (fixed official ID)
59,cmCalendarCompetitions59.dds,cmCalendarCompetitions1075.dds,img/id (fixed official ID)
60,cmCalendarCompetitions60.dds,cmCalendarCompetitions329.dds,img/id (fixed official ID)
61,cmCalendarCompetitions61.dds,cmCalendarCompetitions332.dds,img/id (fixed official ID)
62,cmCalendarCompetitions62.dds,cmCalendarCompetitions335.dds,img/id (fixed official ID)
65,cmCalendarCompetitions65.dds,cmCalendarCompetitions775.dds,img/id (fixed official ID)
66,cmCalendarCompetitions66.dds,cmCalendarCompetitions1734.dds,img/id (fixed official ID)
67,cmCalendarCompetitions67.dds,cmCalendarCompetitions1069.dds,img/id (fixed official ID)
68,cmCalendarCompetitions68.dds,cmCalendarCompetitions1023.dds,img/id (fixed official ID)
69,cmCalendarCompetitions69.dds,cmCalendarCompetitions603.dds,img/id (fixed official ID)
71,cmCalendarCompetitions71.dds,cmCalendarCompetitions1079.dds,img/id (fixed official ID)
73,cmCalendarCompetitions73.dds,cmCalendarCompetitions99.dds,img/id (fixed official ID)
74,cmCalendarCompetitions74.dds,cmCalendarCompetitions63.dds,img/id (fixed official ID)
80,cmCalendarCompetitions80.dds,cmCalendarCompetitions1041.dds,img/id (fixed official ID)
83,cmCalendarCompetitions83.dds,cmCalendarCompetitions1618.dds,img/id (fixed official ID)
86,cmCalendarCompetitions86.dds,cmCalendarCompetitions2208.dds,img/id (fixed official ID)
90,cmCalendarCompetitions90.dds,cmCalendarCompetitions1985.dds,img/id (fixed official ID)
91,cmCalendarCompetitions91.dds,cmCalendarCompetitions1083.dds,img/id (fixed official ID)
92,cmCalendarCompetitions92.dds,cmCalendarCompetitions1995.dds,img/id (fixed official ID)
94,cmCalendarCompetitions94.dds,cmCalendarCompetitions2025.dds,img/id (fixed official ID)
95,cmCalendarCompetitions95.dds,cmCalendarCompetitions2218.dds,img/id (fixed official ID)
96,cmCalendarCompetitions96.dds,cmCalendarCompetitions2228.dds,img/id (fixed official ID)
107,cmCalendarCompetitions107.dds,cmCalendarCompetitions1774.dds,img/id (fixed official ID)
120,cmCalendarCompetitions120.dds,cmCalendarCompetitions2081.dds,img/id (fixed official ID)
121,cmCalendarCompetitions121.dds,cmCalendarCompetitions2096.dds,img/id (fixed official ID)
122,cmCalendarCompetitions122.dds,cmCalendarCompetitions2111.dds,img/id (fixed official ID)
123,cmCalendarCompetitions123.dds,cmCalendarCompetitions2178.dds,img/id (fixed official ID)
124,cmCalendarCompetitions124.dds,cmCalendarCompetitions2189.dds,img/id (fixed official ID)
125,cmCalendarCompetitions125.dds,cmCalendarCompetitions2149.dds,img/id (fixed official ID)
126,cmCalendarCompetitions126.dds,cmCalendarCompetitions1923.dds,img/id (fixed official ID)
129,cmCalendarCompetitions129.dds,cmCalendarCompetitions2045.dds,img/id (fixed official ID)
151,cmCalendarCompetitions151.dds,cmCalendarCompetitions2005.dds,img/id (fixed official ID)
153,cmCalendarCompetitions153.dds,cmCalendarCompetitions1754.dds,img/id (fixed official ID)
154,cmCalendarCompetitions154.dds,cmCalendarCompetitions1742.dds,img/id (fixed official ID)
155,cmCalendarCompetitions155.dds,cmCalendarCompetitions946.dds,img/id (fixed official ID)
158,cmCalendarCompetitions158.dds,,img/id (fixed official ID)
159,cmCalendarCompetitions159.dds,cmCalendarCompetitions1819.dds,img/id (fixed official ID)
165,cmCalendarCompetitions165.dds,cmCalendarCompetitions1944.dds,img/id (fixed official ID)
166,cmCalendarCompetitions166.dds,cmCalendarCompetitions1934.dds,img/id (fixed official ID)
167,cmCalendarCompetitions167.dds,cmCalendarCompetitions1839.dds,img/id (fixed official ID)
189,cmCalendarCompetitions189.dds,cmCalendarCompetitions1035.dds,img/id (fixed official ID)
191,cmCalendarCompetitions191.dds,cmCalendarCompetitions1219.dds,img/id (fixed official ID)
201,cmCalendarCompetitions201.dds,cmCalendarCompetitions338.dds,img/id (fixed official ID)
202,cmCalendarCompetitions202.dds,cmCalendarCompetitions479.dds,img/id (fixed official ID)
204,cmCalendarCompetitions204.dds,cmCalendarCompetitions606.dds,img/id (fixed official ID)
206,cmCalendarCompetitions206.dds,cmCalendarCompetitions691.dds,img/id (fixed official ID)
207,cmCalendarCompetitions207.dds,cmCalendarCompetitions685.dds,img/id (fixed official ID)
208,cmCalendarCompetitions208.dds,cmCalendarCompetitions949.dds,img/id (fixed official ID)
210,cmCalendarCompetitions210.dds,cmCalendarCompetitions778.dds,img/id (fixed official ID)
211,cmCalendarCompetitions211.dds,cmCalendarCompetitions767.dds,img/id (fixed official ID)
218,cmCalendarCompetitions218.dds,cmCalendarCompetitions859.dds,img/id (fixed official ID)
223,cmCalendarCompetitions223.dds,cmCalendarCompetitions195.dds,img/id (fixed official ID)
224,cmCalendarCompetitions224.dds,cmCalendarCompetitions247.dds,img/id (fixed official ID)
225,cmCalendarCompetitions225.dds,cmCalendarCompetitions938.dds,img/id (fixed official ID)
226,cmCalendarCompetitions226.dds,cmCalendarCompetitions280.dds,img/id (fixed official ID)
228,cmCalendarCompetitions228.dds,cmCalendarCompetitions320.dds,img/id (fixed official ID)
229,cmCalendarCompetitions229.dds,cmCalendarCompetitions1474.dds,img/id (fixed official ID)
230,cmCalendarCompetitions230.dds,cmCalendarCompetitions1393.dds,img/id (fixed official ID)
232,cmCalendarCompetitions232.dds,cmCalendarCompetitions192.dds,img/id (fixed official ID)
233,cmCalendarCompetitions233.dds,cmCalendarCompetitions600.dds,img/id (fixed official ID)
272,cmCalendarCompetitions272.dds,cmCalendarCompetitions850.dds,img/id (fixed official ID)
308,cmCalendarCompetitions308.dds,cmCalendarCompetitions844.dds,img/id (fixed official ID)
309,cmCalendarCompetitions309.dds,cmCalendarCompetitions853.dds,img/id (fixed official ID)
319,cmCalendarCompetitions319.dds,cmCalendarCompetitions1063.dds,img/id (fixed official ID)
330,cmCalendarCompetitions330.dds,cmCalendarCompetitions1053.dds,img/id (fixed official ID)
332,cmCalendarCompetitions332.dds,cmCalendarCompetitions1059.dds,img/id (fixed official ID)
335,cmCalendarCompetitions335.dds,cmCalendarCompetitions1466.dds,img/id (fixed official ID)
336,cmCalendarCompetitions336.dds,cmCalendarCompetitions1470.dds,img/id (fixed official ID)
341,cmCalendarCompetitions341.dds,cmCalendarCompetitions1142.dds,img/id (fixed official ID)
349,cmCalendarCompetitions349.dds,cmCalendarCompetitions1223.dds,img/id (fixed official ID)
350,cmCalendarCompetitions350.dds,cmCalendarCompetitions1624.dds,img/id (fixed official ID)
351,cmCalendarCompetitions351.dds,cmCalendarCompetitions1634.dds,img/id (fixed official ID)
353,cmCalendarCompetitions353.dds,cmCalendarCompetitions1367.dds,img/id (fixed official ID)
354,cmCalendarCompetitions354.dds,,img/id (fixed official ID)
450,cmCalendarCompetitions450.dds,cmCalendarCompetitions1231.dds,img/id (fixed official ID)
940,cmCalendarCompetitions940.dds,cmCalendarCompetitions1127.dds,img/id (fixed official ID)
960,cmCalendarCompetitions960.dds,cmCalendarCompetitions1758.dds,img/id (fixed official ID)
970,cmCalendarCompetitions970.dds,cmCalendarCompetitions1242.dds,img/id (fixed official ID)
980,cmCalendarCompetitions980.dds,cmCalendarCompetitions130.dds,img/id (fixed official ID)
981,cmCalendarCompetitions981.dds,cmCalendarCompetitions175.dds,img/id (fixed official ID)
990,cmCalendarCompetitions990.dds,cmCalendarCompetitions1.dds,img/id (fixed official ID)
991,cmCalendarCompetitions991.dds,,img/id (fixed official ID)
992,cmCalendarCompetitions992.dds,cmCalendarCompetitions1239.dds,img/id (fixed official ID)
993,cmCalendarCompetitions993.dds,cmCalendarCompetitions1190.dds,img/id (fixed official ID)
1003,cmCalendarCompetitions1003.dds,cmCalendarCompetitions1314.dds,img/id (fixed official ID)
1005,cmCalendarCompetitions1005.dds,cmCalendarCompetitions1193.dds,img/id (fixed official ID)
1007,cmCalendarCompetitions1007.dds,cmCalendarCompetitions1264.dds,img/id (fixed official ID)
1009,cmCalendarCompetitions1009.dds,cmCalendarCompetitions1261.dds,img/id (fixed official ID)
