CompId,GroupId,TeamId1,TeamId2,TeamId3,TeamId4
CC,1,245,9,48,86
CC,2,236,240,32,231
CC,3,21,241,44,110468
CC,4,1824,18,237,219
CC,5,47,5,191,130017
CC,6,243,112172,101059,78
CC,7,10,481,22,819
CC,8,73,45,234,130155
EL,1,1,247,918,286
EL,2,130015,74,326,222
EL,3,52,130299,449,100325
EL,4,1896,320,1831,2014
EL,5,11,457,100616,223
EL,6,46,246,1516,209
EL,7,280,130244,25,71
EL,8,101078,69,1874,436
EL,9,110374,229,873,1906
EL,10,19,130060,114385,130178
EL,11,483,80,266,100810
EL,12,72,101014,417,100594
