# Stable career/server competition ID | visual asset ID (cmCalendarCompetitions<ID>, league l<ID>)
# Recovered by matching supplied DDS content between the img/server and img/id folders.
# 117 maps to itself (verified byte-identical in the installed calendar); 1690 maps to 351 (verified same artwork).
1|990
63|74
99|73
117|117
130|980
175|981
192|232
195|223
247|224
280|226
314|1
320|228
323|13
326|14
329|60
332|61
335|62
338|201
479|202
594|16
597|17
600|233
603|69
606|204
679|19
682|20
685|207
688|3
691|206
761|31
764|32
767|211
775|65
778|210
840|10
844|308
847|46
850|272
853|309
859|218
926|50
932|53
935|54
938|225
946|155
949|208
1023|68
1027|15
1031|56
1035|189
1041|80
1047|4
1053|330
1059|332
1063|319
1069|67
1075|59
1079|71
1083|91
1087|6
1127|940
1142|341
1161|39
1190|993
1193|1005
1219|191
1223|349
1227|47
1231|450
1235|8
1239|992
1242|970
1261|1009
1264|1007
1314|1003
1367|353
1385|18
1393|230
1466|335
1470|336
1474|229
1615|7
1618|83
1624|350
1634|351
1690|351
1693|9
1696|24
1715|40
1734|66
1738|41
1742|154
1746|11
1750|12
1754|153
1758|960
1774|107
1781|28
1791|29
1806|27
1819|159
1829|27
1839|167
1847|35
1854|45
1864|44
1874|49
1881|34
1889|5
1900|33
1911|30
1923|126
1934|166
1944|165
1955|37
1965|43
1975|36
1985|90
1995|92
2005|151
2016|48
2025|94
2035|38
2045|129
2056|42
2066|22
2081|120
2096|121
2111|122
2126|25
2149|125
2160|23
2178|123
2189|124
2208|86
2218|95
2228|96
