1|04-03-2003
2|4-1-4-1
3|4-3-3
4|4-2-2-2
5|4-3-3
7|4-2-2-2
8|4-1-4-1
9|4-3-3
10|4-3-3
11|4-2-3-1
12|4-2-3-1
13|05-03-2002
14|4-2-3-1
15|4-2-3-1
17|4-2-2-2
18|4-2-3-1
19|5-4-1
21|4-2-3-1
22|4-2-3-1
23|4-2-3-1
25|3-4-3
27|4-2-3-1
28|04-03-2003
29|4-2-3-1
31|04-04-2002
32|4-3-3
33|04-03-2003
34|4-1-3-2
36|3-4-2-1
38|03-05-2002
39|3-4-1-2
44|3-4-1-2
45|4-2-3-1
46|03-05-2002
47|4-2-3-1
48|4-2-2-2
50|4-4-1-1
52|3-4-2-1
54|4-3-1-2
55|3-4-3
57|4-1-4-1
58|4-4-2
62|04-04-2002
64|3-4-1-2
65|4-2-2-2
66|4-2-3-1
68|4-4-1-1
69|4-2-2-2
70|05-03-2002
71|4-4-1-1
72|3-4-3
73|4-2-3-1
74|4-4-2
76|4-3-3
77|4-1-4-1
78|4-2-3-1
80|4-1-2-1
82|05-03-2002
83|4-4-1-1
86|05-03-2002
88|4-2-3-1
89|04-04-2002
91|3-4-1-2
92|4-1-4-1
94|4-2-3-1
95|5-2-2-1
97|04-04-2002
106|4-1-4-1
109|5-2-2-1
110|4-4-1-1
111|04-03-2003
112|04-03-2003
121|05-03-2002
127|4-1-4-1
135|4-1-4-1
142|05-03-2002
143|5-2-1-2
144|4-2-3-1
149|04-04-2002
159|4-2-3-1
160|4-3-3
162|4-3-3
165|4-4-2
166|4-2-2-2
169|4-2-3-1
171|4-1-4-1
172|4-4-2
175|4-2-3-1
180|05-03-2002
181|4-2-3-1
189|4-2-3-1
191|04-04-2002
199|3-4-1-2
200|04-03-2003
205|05-03-2002
206|3-4-2-1
209|4-1-3-2
210|4-2-3-1
212|3-1-4-2
217|5-2-1-2
219|4-2-3-1
222|04-04-2002
223|04-04-2002
226|4-2-3-1
229|4-1-2-1
230|4-2-2-2
231|4-4-1-1
232|4-2-3-1
234|3-4-3
236|4-4-1-1
237|3-4-3
240|3-1-4-2
241|4-3-3
242|4-2-3-1
243|4-3-3
244|4-2-3-1
245|04-03-2003
246|4-3-3
247|4-2-2-2
252|4-4-2
254|4-2-3-1
256|4-2-3-1
259|4-3-3
260|04-04-2002
263|04-03-2003
266|3-4-1-2
267|03-04-2003
269|4-2-3-1
270|4-3-2-1
271|03-04-2003
272|04-04-2002
278|04-04-2002
280|04-03-2003
286|04-03-2003
294|4-2-3-1
298|04-03-2003
299|4-3-3
300|4-1-4-1
301|3-4-2-1
305|4-2-3-1
306|5-2-2-1
308|04-03-2003
315|4-2-3-1
319|04-04-2002
320|04-04-2002
321|04-04-2002
322|4-2-3-1
325|4-2-3-1
326|4-2-2-2
327|4-2-3-1
330|4-2-3-1
346|04-03-2003
354|4-2-3-1
357|4-1-4-1
358|3-4-2-1
361|04-03-2003
378|4-2-3-1
379|4-3-3
381|05-03-2002
382|03-05-2002
383|4-2-3-1
393|04-03-2003
417|04-04-2002
418|04-04-2002
420|5-2-1-2
423|04-03-2003
433|04-04-2002
436|4-2-3-1
445|4-2-3-1
448|4-2-3-1
449|4-2-3-1
450|4-2-2-2
452|4-2-3-1
453|4-2-3-1
454|4-2-3-1
456|4-2-2-2
457|4-2-3-1
459|4-2-3-1
461|04-03-2003
462|04-04-2002
463|4-2-2-2
467|4-2-3-1
468|04-04-2002
472|4-2-3-1
479|4-2-2-2
480|04-04-2002
481|4-3-3
483|4-2-3-1
485|3-4-3
487|04-04-2002
489|05-02-2003
492|04-04-2002
503|04-03-2003
506|4-2-3-1
517|4-1-3-2
518|05-02-2003
523|04-04-2002
526|04-04-2002
531|4-2-2-2
537|3-4-1-2
561|3-4-1-2
563|4-2-3-1
567|4-2-3-1
568|4-2-3-1
569|4-2-3-1
570|04-04-2002
571|04-04-2002
573|4-2-3-1
576|4-4-2
580|4-2-2-2
598|4-2-2-2
605|4-2-2-2
607|4-2-3-1
620|4-2-3-1
631|04-04-2002
634|04-03-2003
645|04-03-2003
666|04-03-2003
670|4-1-4-1
673|4-4-1-1
674|3-4-1-2
680|5-2-1-2
681|4-2-3-1
687|4-2-3-1
688|4-1-3-2
689|4-2-3-1
691|04-03-2003
693|4-2-2-2
694|04-03-2003
695|4-2-3-1
696|04-03-2003
697|04-04-2002
698|4-4-1-1
700|4-2-3-1
702|04-04-2002
708|4-2-3-1
710|04-04-2002
711|04-03-2003
717|4-2-3-1
730|4-1-4-1
736|4-3-2-1
741|4-2-3-1
744|4-3-3
748|3-4-2-1
753|4-2-3-1
780|4-2-3-1
813|4-2-3-1
819|04-04-2002
834|4-4-1-1
837|4-2-3-1
873|4-2-3-1
896|4-2-3-1
897|4-1-2-1
898|4-4-2
900|4-2-3-1
918|04-03-2003
919|04-03-2003
920|4-1-4-1
974|4-3-3
980|5-2-1-2
982|4-2-3-1
983|4-3-3
1013|4-3-3
1032|4-1-2-1
1035|4-2-3-1
1039|4-2-3-1
1041|4-2-3-1
1043|4-3-3
1048|4-1-4-1
1053|4-3-3
1202|4-3-3
1318|4-3-3
1319|05-03-2002
1322|04-03-2003
1325|3-4-3
1327|04-04-2002
1328|4-2-3-1
1330|4-2-3-1
1331|4-3-3
1334|4-3-2-1
1335|4-3-3
1337|3-4-3
1338|4-2-3-1
1342|4-2-3-1
1343|4-3-3
1346|04-04-2002
1352|04-04-2002
1353|04-04-2002
1354|4-3-3
1355|4-4-1-1
1356|4-2-3-1
1357|4-2-3-1
1359|4-2-3-1
1360|4-1-4-1
1362|4-3-3
1363|04-04-2002
1364|4-4-1-1
1365|4-4-2
1366|4-2-3-1
1367|3-4-2-1
1369|4-3-3
1370|4-3-3
1375|4-3-3
1377|4-4-2
1383|4-3-3
1386|4-2-3-1
1387|4-1-3-2
1391|4-3-3
1393|03-05-2002
1395|04-04-2002
1411|4-4-2
1413|04-03-2003
1415|04-03-2003
1438|4-3-3
1439|04-04-2002
1443|04-03-2003
1446|05-03-2002
1447|4-2-3-1
1473|4-2-3-1
1474|4-2-3-1
1477|4-3-3
1478|4-2-3-1
1480|4-2-3-1
1516|4-1-4-1
1524|4-3-3
1530|3-4-1-2
1569|4-2-3-1
1571|4-2-3-1
1572|4-2-3-1
1598|4-1-4-1
1629|4-2-3-1
1667|04-04-2002
1704|4-2-3-1
1713|05-04-2001
1719|4-2-3-1
1738|04-03-2003
1739|4-4-2
1744|3-1-4-2
1746|3-4-1-2
1750|4-4-1-1
1754|4-2-3-1
1755|03-05-2002
1756|05-03-2002
1757|4-1-4-1
1786|4-4-1-1
1788|04-03-2003
1789|4-2-3-1
1790|4-2-3-1
1792|4-2-3-1
1793|04-03-2003
1794|03-05-2002
1795|4-3-3
1796|4-2-2-2
1797|4-3-1-2
1798|05-03-2002
1799|4-4-2
1800|4-2-3-1
1801|4-2-3-1
1802|4-2-3-1
1803|05-03-2002
1804|5-2-2-1
1805|04-04-2002
1806|4-3-3
1807|4-1-4-1
1808|3-4-1-2
1809|4-1-2-1
1814|4-2-3-1
1815|4-2-3-1
1816|4-4-2
1819|4-2-3-1
1823|4-2-2-2
1824|4-3-3
1825|4-1-3-2
1826|4-3-3
1831|4-2-3-1
1832|4-2-3-1
1837|4-2-3-1
1842|4-3-1-2
1843|3-4-2-1
1844|4-3-1-2
1845|04-03-2003
1846|04-04-2002
1847|04-04-2002
1848|04-03-2003
1853|04-04-2002
1854|4-2-3-1
1855|04-04-2002
1856|4-2-3-1
1860|4-2-2-2
1861|4-2-3-1
1862|4-2-3-1
1867|4-2-3-1
1871|4-2-3-1
1874|4-2-3-1
1876|04-03-2003
1877|4-2-3-1
1878|4-2-3-1
1879|4-1-3-2
1880|4-2-3-1
1881|04-04-2002
1882|5-2-1-2
1884|4-1-2-1
1886|05-02-2003
1887|04-03-2003
1888|4-4-2
1889|3-4-2-1
1891|4-3-3
1892|4-3-3
1893|4-2-3-1
1894|4-2-3-1
1895|3-4-3
1896|3-4-3
1898|4-2-3-1
1900|4-2-3-1
1901|4-4-2
1903|4-3-3
1904|04-04-2002
1906|4-3-3
1908|04-03-2003
1910|4-2-2-2
1913|04-03-2003
1914|04-04-2002
1915|04-04-2002
1917|04-04-2002
1919|05-03-2002
1920|04-04-2002
1923|05-03-2002
1924|03-05-2002
1925|4-3-3
1926|4-2-3-1
1928|5-2-2-1
1929|04-04-2002
1930|04-04-2002
1931|4-2-3-1
1932|05-03-2002
1933|04-03-2003
1934|05-03-2002
1935|05-03-2002
1936|05-03-2002
1937|05-03-2002
1938|4-2-3-1
1939|05-03-2002
1940|4-3-1-2
1941|4-2-3-1
1943|4-2-2-2
1944|4-2-3-1
1947|05-03-2002
1948|4-2-3-1
1949|3-4-1-2
1951|04-04-2002
1952|04-04-2002
1954|04-04-2002
1955|04-04-2002
1958|4-2-3-1
1960|04-03-2003
1961|4-2-3-1
1962|05-03-2002
1964|03-05-2002
1968|4-3-3
1970|4-2-2-2
1971|04-04-2002
2014|4-2-2-2
2017|4-1-4-1
2023|04-04-2002
2030|4-2-3-1
2038|4-3-1-2
2041|04-04-2002
2054|4-1-3-2
2055|04-03-2003
2056|3-4-1-2
10018|4-3-3
10019|4-4-1-1
10020|04-04-2002
10029|4-4-2
10030|4-2-3-1
10031|04-03-2003
10032|04-03-2003
10846|04-04-2002
15001|04-03-2003
15005|3-4-3
15009|04-04-2002
15012|04-04-2002
15015|5-2-2-1
15019|04-04-2002
15021|4-2-3-1
15029|4-2-3-1
15040|04-04-2002
15048|04-03-2003
100087|3-4-2-1
100126|4-2-3-1
100130|4-2-3-1
100132|4-2-3-1
100133|05-02-2003
100142|3-4-3
100143|4-2-3-1
100149|4-2-3-1
100185|4-2-3-1
100290|04-05-2001
100325|04-03-2003
100409|4-2-3-1
100594|4-2-3-1
100616|4-3-3
100632|4-2-2-2
100634|04-03-2003
100638|04-03-2003
100646|04-03-2003
100741|04-04-2002
100753|3-4-3
100757|04-03-2003
100761|04-03-2003
100765|4-2-3-1
100767|4-1-3-2
100769|4-2-3-1
100804|04-04-2002
100810|04-03-2003
100816|04-04-2002
100831|4-2-3-1
100851|4-4-2
100852|05-03-2002
100879|4-1-4-1
100882|4-2-3-1
100888|04-04-2002
101014|4-2-3-1
101020|4-2-3-1
101025|04-03-2003
101026|4-3-3
101032|4-2-3-1
101033|4-2-3-1
101037|04-03-2003
101045|04-04-2002
101048|4-4-2
101055|4-2-3-1
101058|4-2-3-1
101059|4-2-3-1
101062|4-2-3-1
101078|4-2-3-1
101083|4-2-3-1
101084|4-2-3-1
101085|4-2-2-2
101088|4-3-3
101097|04-03-2003
101100|4-2-2-2
101101|4-2-3-1
101102|4-2-3-1
101103|4-2-2-2
101104|04-03-2003
101105|04-03-2003
101106|4-2-3-1
101112|4-2-3-1
101114|4-4-1-1
101121|4-4-1-1
101145|4-2-3-1
101146|04-04-2002
101147|4-2-3-1
101150|4-2-3-1
101151|4-2-3-1
105013|04-03-2003
105035|05-03-2002
105501|4-2-3-1
105502|4-2-3-1
105503|4-2-2-2
105504|04-03-2003
105511|4-2-3-1
105516|5-2-1-2
105517|4-2-3-1
105519|04-04-2002
105520|03-05-2002
105521|4-2-3-1
105522|4-2-3-1
105523|4-2-3-1
105524|4-2-2-2
105526|04-04-2002
105527|4-2-2-2
105528|4-3-3
105529|4-3-3
105530|4-3-3
105531|4-3-3
105532|04-03-2003
105533|04-03-2003
110058|4-2-2-2
110061|05-04-2001
110062|04-03-2003
110065|4-4-2
110069|4-2-3-1
110072|4-2-3-1
110078|03-04-2003
110082|3-4-1-2
110088|04-04-2002
110093|4-3-3
110144|04-02-2004
110147|04-03-2003
110150|4-4-1-1
110152|04-04-2002
110169|4-2-3-1
110197|4-3-3
110206|4-2-3-1
110234|04-04-2002
110242|4-2-3-1
110313|4-2-3-1
110321|4-1-2-1
110329|4-2-3-1
110364|04-04-2002
110373|3-4-2-1
110374|04-03-2003
110378|04-04-2002
110379|4-1-4-1
110380|4-2-3-1
110392|04-05-2001
110394|4-2-3-1
110395|4-3-3
110396|4-3-3
110404|4-3-3
110406|05-03-2002
110452|04-04-2002
110456|04-04-2002
110464|4-1-4-1
110466|4-2-3-1
110467|4-1-4-1
110468|3-4-1-2
110472|4-2-3-1
110473|4-3-3
110500|04-04-2002
110501|04-03-2003
110502|4-4-1-1
110532|4-2-3-1
110536|4-3-2-1
110540|04-03-2003
110548|4-2-3-1
110549|4-2-3-1
110554|04-03-2003
110556|05-03-2002
110569|4-2-3-1
110576|3-1-4-2
110580|4-2-3-1
110581|04-04-2002
110588|4-2-2-2
110597|4-3-3
110636|04-04-2002
110645|04-03-2003
110678|3-4-1-2
110714|4-2-3-1
110720|4-2-3-1
110724|5-2-1-2
110734|04-04-2002
110738|04-03-2003
110740|3-4-2-1
110741|05-03-2002
110745|4-2-3-1
110746|4-3-3
110747|4-2-3-1
110749|4-4-1-1
110750|04-04-2002
110751|04-03-2003
110752|3-4-2-1
110765|4-3-3
110770|4-2-3-1
110776|05-04-2001
110781|4-4-1-1
110795|3-4-2-1
110799|4-2-3-1
110815|4-2-3-1
110827|4-2-3-1
110831|04-04-2002
110832|4-3-3
110839|4-4-2
110849|04-04-2002
110869|4-1-4-1
110871|4-4-2
110876|3-4-1-2
110890|5-2-2-1
110907|04-04-2002
110908|04-04-2002
110911|03-05-2002
110912|3-4-2-1
110915|05-03-2002
110930|04-04-2002
110935|04-04-2002
110955|04-04-2002
110975|04-04-2002
110977|04-03-2003
110978|4-3-1-2
110979|4-2-3-1
110980|4-1-2-1
110997|4-3-3
111022|4-1-4-1
111041|4-3-3
111042|4-2-2-2
111043|4-2-3-1
111044|4-2-3-1
111045|4-2-3-1
111046|4-2-3-1
111048|04-04-2002
111049|4-3-3
111050|4-3-3
111052|4-2-3-1
111054|04-03-2003
111057|4-2-3-1
111058|4-2-3-1
111059|4-2-3-1
111065|04-03-2003
111072|4-4-2
111082|4-2-3-1
111083|04-04-2002
111086|4-3-3
111090|4-3-3
111091|4-2-3-1
111097|4-2-3-1
111099|04-05-2001
111108|4-1-4-1
111109|4-4-2
111111|4-2-3-1
111112|04-03-2003
111113|04-04-2002
111114|04-05-2001
111115|4-2-3-1
111117|4-2-3-1
111128|4-2-3-1
111130|04-04-2002
111138|4-2-3-1
111139|4-2-3-1
111140|4-2-3-1
111144|04-04-2002
111205|4-4-2
111235|04-04-2002
111239|4-2-2-2
111273|04-03-2003
111276|3-4-1-2
111282|4-2-2-2
111292|04-04-2002
111293|4-2-3-1
111299|4-1-2-1
111300|4-3-3
111327|04-04-2002
111328|4-3-3
111339|4-2-3-1
111353|04-04-2002
111376|04-03-2003
111379|4-4-2
111393|04-03-2003
111400|4-2-3-1
111433|4-2-3-1
111434|4-3-1-2
111448|4-2-3-1
111451|4-4-2
111455|4-1-4-1
111456|04-04-2002
111459|4-3-3
111462|4-4-2
111465|4-2-3-1
111466|04-04-2002
111473|04-03-2003
111475|04-04-2002
111481|4-4-2
111484|04-04-2002
111485|04-03-2003
111487|4-2-3-1
111512|4-4-1-1
111513|4-2-3-1
111527|04-03-2003
111539|04-03-2003
111545|04-04-2002
111546|4-2-3-1
111548|04-04-2002
111551|4-4-2
111556|04-03-2003
111575|3-4-2-1
111592|04-04-2002
111596|4-4-2
111651|4-1-2-1
111654|4-3-3
111657|04-05-2001
111658|4-2-2-2
111659|05-03-2002
111670|4-1-4-1
111674|4-2-3-1
111678|04-04-2002
111701|04-04-2002
111704|4-2-2-2
111705|05-02-2003
111706|4-2-2-2
111707|04-03-2003
111708|4-2-2-2
111710|3-1-4-2
111711|4-2-2-2
111713|04-03-2003
111715|4-2-2-2
111716|4-2-2-2
111717|04-04-2002
111722|4-2-3-1
111723|4-2-3-1
111724|4-2-3-1
111727|4-2-2-2
111730|4-2-3-1
111733|3-4-2-1
111736|04-04-2002
111766|05-04-2001
111768|04-04-2002
111802|3-4-1-2
111811|3-4-2-1
111812|4-2-3-1
111817|4-2-3-1
111822|4-4-2
111836|4-2-3-1
111928|4-1-4-1
111969|04-04-2002
111974|4-3-3
111976|4-3-3
111984|3-4-3
111993|4-3-1-2
112001|4-2-3-1
112019|04-03-2003
112026|04-04-2002
112038|4-4-1-1
112048|5-4-1
112054|4-2-3-1
112072|05-03-2002
112077|4-4-1-1
112082|04-04-2002
112092|04-03-2003
112093|04-04-2002
112094|03-05-2002
112096|4-2-3-1
112099|4-2-3-1
112115|04-03-2003
112116|04-03-2003
112119|4-2-2-2
112124|3-4-1-2
112126|4-4-1-1
112134|04-03-2003
112139|04-04-2002
112163|05-03-2002
112168|4-2-3-1
112169|04-04-2002
112172|4-2-2-2
112190|4-4-2
112199|4-2-3-1
112208|4-2-3-1
112222|4-2-3-1
112224|04-03-2003
112225|4-3-2-1
112234|4-3-3
112236|4-1-2-1
112254|4-3-1-2
112258|04-04-2002
112259|04-04-2002
112260|05-03-2002
112276|04-04-2002
112345|4-4-1-1
112376|03-05-2002
112385|4-1-4-1
112387|04-04-2002
112390|04-03-2003
112391|04-04-2002
112393|4-2-3-1
112398|04-03-2003
112408|04-04-2002
112409|04-04-2002
112410|3-1-4-2
112427|03-04-2003
112476|4-2-3-1
112493|3-4-2-1
112494|05-03-2002
112510|4-2-3-1
112513|4-2-2-2
112516|4-3-3
112523|04-04-2002
112526|4-2-3-1
112527|04-04-2002
112528|4-1-3-2
112531|4-4-1-1
112552|04-04-2002
112578|4-2-3-1
112579|4-2-3-1
112584|04-03-2003
112606|4-2-3-1
112631|4-3-3
112638|4-3-3
112639|4-3-3
112649|03-05-2002
112652|3-4-3
112665|4-3-3
112668|04-03-2003
112670|4-2-2-2
112705|04-03-2003
112709|04-03-2003
112713|4-2-2-2
112764|4-1-4-1
112828|4-2-3-1
112834|04-04-2002
112866|4-2-2-2
112880|4-2-3-1
112883|04-04-2002
112885|4-2-3-1
112893|4-2-3-1
112903|4-2-3-1
112904|04-04-2002
112925|04-04-2002
112954|04-04-2002
112979|4-2-3-1
112990|4-2-3-1
112992|04-04-2002
112996|04-03-2003
113007|4-1-2-1
113011|4-2-2-2
113013|4-1-4-1
113015|4-2-3-1
113016|4-2-3-1
113018|4-2-2-2
113022|4-2-2-2
113028|4-3-3
113037|04-04-2002
113055|4-2-3-1
113057|05-04-2001
113060|3-4-2-1
113067|04-04-2002
113080|4-1-4-1
113101|4-2-3-1
113102|04-04-2002
113103|04-04-2002
113104|4-2-2-2
113105|4-3-3
113107|4-4-1-1
113111|4-2-3-1
113113|4-2-3-1
113115|4-5-1
113116|4-2-3-1
113117|4-4-2
113119|4-4-2
113120|4-4-2
113121|4-2-2-2
113124|4-2-3-1
113125|4-3-3
113127|4-2-3-1
113130|4-2-2-2
113132|4-2-3-1
113133|4-4-1-1
113134|4-3-3
113135|4-3-3
113136|04-04-2002
113139|4-2-3-1
113142|4-2-3-1
113145|4-3-2-1
113146|4-2-2-2
113147|3-4-2-1
113149|4-4-2
113150|4-2-3-1
113152|4-2-3-1
113154|4-2-3-1
113157|4-2-3-1
113160|4-1-2-1
113161|3-4-2-1
113162|3-4-2-1
113163|4-2-3-1
113165|4-2-3-1
113167|4-2-3-1
113169|4-1-3-2
113172|04-03-2003
113186|04-04-2002
113197|3-4-2-1
113217|04-03-2003
113222|3-4-2-1
113356|4-4-1-1
113378|04-03-2003
113459|4-1-4-1
113599|4-2-3-1
113616|04-04-2002
113742|4-2-3-1
113743|05-04-2001
113746|3-4-3
113890|04-04-2002
113892|05-03-2002
113926|4-1-4-1
113981|04-03-2003
114147|4-2-3-1
114161|04-04-2002
114162|4-4-1-1
114185|4-4-2
114326|3-4-2-1
114385|4-2-3-1
114554|4-2-2-2
114598|4-1-3-2
114628|4-2-3-1
114640|04-03-2003
114694|4-2-2-2
114695|04-04-2002
115494|05-03-2002
115505|4-1-4-1
115693|4-2-3-1
115892|4-2-3-1
116263|4-2-3-1
116275|04-03-2003
116293|4-4-2
116295|04-04-2002
116360|05-02-2003
116361|05-03-2002
120000|4-3-2-1
120001|4-2-3-1
120002|4-2-3-1
120003|4-2-2-2
120004|3-5-2
120005|4-2-3-1
120006|4-2-3-1
120007|04-04-2002
120008|4-2-2-2
120009|4-2-2-2
120010|5-4-1
120011|4-2-2-2
120012|4-3-3
120013|4-2-3-1
120015|4-4-2
120016|4-2-2-2
120017|4-2-3-1
120018|4-2-2-2
120019|4-3-1-2
120020|04-04-2002
120021|4-3-1-2
120022|4-4-2
120023|4-2-3-1
120025|04-03-2003
120026|4-4-1-1
120027|4-2-3-1
120029|4-3-3
120030|04-03-2003
120031|4-2-2-2
120032|4-2-2-2
120033|4-4-2
120034|4-2-2-2
120035|4-4-2
120036|4-4-1-1
120037|4-2-3-1
120038|4-4-2
120039|4-2-3-1
120040|04-04-2002
120041|4-2-3-1
120042|4-2-2-2
120043|4-2-3-1
120045|4-2-3-1
120046|4-2-2-2
120047|4-2-2-2
120048|04-04-2002
120049|4-2-3-1
120052|04-05-2001
120053|4-2-3-1
120054|4-2-3-1
120055|4-2-3-1
120057|04-03-2003
120058|4-2-3-1
120059|4-2-3-1
120060|3-4-3
120062|4-2-3-1
120064|4-2-3-1
120065|4-2-3-1
120066|4-4-2
120067|4-2-3-1
120068|05-03-2002
120069|4-4-2
120070|4-2-3-1
120071|4-3-2-1
120073|4-2-3-1
120075|4-2-3-1
120076|4-3-2-1
120079|4-2-2-2
120082|4-4-2
120084|04-04-2002
120086|04-03-2003
120087|4-4-2
120090|4-3-3
120092|04-03-2003
120093|4-2-3-1
120094|4-4-2
120095|4-4-2
120098|04-03-2003
120099|4-3-3
120102|04-04-2002
120103|4-2-2-2
120104|4-2-3-1
120107|04-04-2002
120110|04-04-2002
120111|4-2-3-1
120112|04-04-2002
120114|04-04-2002
120115|4-4-2
120117|4-2-3-1
120124|4-4-2
120127|4-2-2-2
120129|04-04-2002
120130|04-04-2002
120132|4-2-3-1
120135|04-04-2002
120136|4-4-2
120140|04-04-2002
120149|4-2-3-1
120409|04-04-2002
120410|04-04-2002
120414|4-4-2
120415|4-3-3
120424|03-05-2002
120425|4-2-2-2
120426|04-04-2002
120428|04-03-2003
120429|4-2-2-2
120432|4-2-3-1
120433|4-2-2-2
120435|4-3-3
120438|04-04-2002
120439|04-04-2002
120440|04-04-2002
120441|04-03-2003
120444|3-4-1-2
121173|05-04-2001
121174|04-03-2003
121439|4-2-3-1
121491|4-4-1-1
121735|4-2-3-1
121798|4-1-4-1
122231|4-2-3-1
123917|4-2-3-1
123921|4-2-3-1
123922|4-3-3
123923|4-3-3
128038|4-2-3-1
128039|4-1-4-1
128040|04-05-2001
128041|4-2-3-1
128042|3-4-3
128043|4-2-3-1
128044|4-2-3-1
128045|4-2-3-1
128046|4-3-3
128047|4-4-2
128048|4-2-3-1
128049|4-2-3-1
128050|4-2-3-1
128051|4-3-3
129901|04-04-2002
130010|4-2-3-1
130011|04-04-2002
130012|04-04-2002
130013|4-4-1-1
130014|4-2-3-1
130015|4-2-3-1
130016|04-04-2002
130017|04-03-2003
130018|4-3-3
130019|04-04-2002
130020|04-04-2002
130021|4-2-2-2
130022|4-2-3-1
130023|4-3-3
130024|4-3-2-1
130025|4-2-2-2
130026|4-4-2
130027|4-2-2-2
130028|4-3-3
130029|4-2-3-1
130030|4-2-2-2
130031|4-2-2-2
130032|4-4-2
130033|04-04-2002
130034|4-3-2-1
130035|4-2-3-1
130036|04-03-2003
130037|04-04-2002
130038|4-3-3
130039|4-3-3
130040|4-2-3-1
130041|4-2-3-1
130042|4-2-2-2
130043|3-1-4-2
130044|4-2-3-1
130045|04-04-2002
130046|4-3-3
130047|03-05-2002
130048|4-3-3
130049|4-2-3-1
130050|4-4-1-1
130051|05-03-2002
130052|04-03-2003
130053|04-04-2002
130054|4-2-3-1
130055|3-1-4-2
130056|04-03-2003
130057|04-04-2002
130058|04-04-2002
130059|4-2-3-1
130060|4-2-3-1
130061|4-3-2-1
130062|04-04-2002
130063|4-3-2-1
130064|4-3-3
130065|4-4-1-1
130066|4-2-3-1
130067|04-04-2002
130068|04-04-2002
130069|04-03-2003
130070|4-3-3
130071|04-04-2002
130072|4-2-3-1
130073|4-2-3-1
130074|4-2-2-2
130075|4-4-1-1
130076|05-03-2002
130077|4-3-3
130078|4-3-3
130079|4-4-2
130080|04-04-2002
130081|4-3-2-1
130082|04-03-2003
130083|04-03-2003
130084|4-2-2-2
130085|04-03-2003
130086|04-04-2002
130087|4-3-3
130088|04-04-2002
130089|4-4-2
130090|04-03-2003
130091|4-2-3-1
130092|04-03-2003
130093|4-3-3
130094|4-1-2-1
130095|4-4-2
130096|4-4-2
130097|4-2-3-1
130098|4-4-2
130099|4-2-3-1
130100|4-2-3-1
130101|4-4-2
130102|4-4-2
130103|4-2-3-1
130104|04-03-2003
130105|4-4-2
130106|4-2-2-2
130107|4-4-1-1
130108|04-03-2003
130109|4-2-2-2
130110|4-2-2-2
130111|04-04-2002
130112|4-2-3-1
130113|4-2-3-1
130114|4-1-2-1
130115|04-04-2002
130116|4-2-3-1
130117|4-2-3-1
130118|4-3-3
130119|04-04-2002
130120|4-2-2-2
130121|4-2-3-1
130122|4-4-1-1
130123|4-3-2-1
130124|4-4-1-1
130125|4-2-2-2
130126|4-2-3-1
130127|4-3-3
130128|4-3-3
130129|04-03-2003
130130|04-04-2002
130131|04-04-2002
130132|04-04-2002
130133|4-2-3-1
130134|04-03-2003
130135|04-04-2002
130136|04-04-2002
130137|04-04-2002
130138|4-2-3-1
130139|4-2-2-2
130140|4-2-2-2
130141|4-4-1-1
130142|4-3-3
130143|4-1-4-1
130144|4-1-4-1
130145|4-1-4-1
130146|4-2-2-2
130147|4-2-3-1
130148|4-2-3-1
130149|4-1-4-1
130150|4-3-2-1
130151|4-2-3-1
130152|4-3-2-1
130153|4-4-2
130154|4-2-3-1
130155|4-3-2-1
130156|4-2-3-1
130157|04-04-2002
130158|04-04-2002
130159|4-2-3-1
130160|5-2-1-2
130161|4-2-2-2
130162|4-3-2-1
130163|04-04-2002
130164|4-1-3-2
130165|04-04-2002
130166|4-3-3
130167|4-4-2
130168|4-2-3-1
130169|04-04-2002
130170|04-04-2002
130171|04-04-2002
130172|04-04-2002
130173|04-03-2003
130174|04-04-2002
130175|4-1-4-1
130176|04-04-2002
130177|04-04-2002
130178|5-2-1-2
130179|4-3-2-1
130180|4-3-2-1
130181|04-04-2002
130182|04-04-2002
130183|04-04-2002
130184|4-4-2
130185|04-04-2002
130186|04-03-2003
130187|04-04-2002
130188|4-4-2
130189|4-2-2-2
130190|4-2-3-1
130191|04-04-2002
130192|4-2-2-2
130193|04-04-2002
130194|04-04-2002
130195|4-1-4-1
130196|04-04-2002
130197|4-2-2-2
130198|4-2-3-1
130199|4-2-2-2
130200|4-2-3-1
130201|04-04-2002
130202|4-3-2-1
130203|4-3-3
130204|4-2-3-1
130205|4-2-3-1
130206|04-04-2002
130207|4-4-1-1
130208|04-04-2002
130209|04-04-2002
130210|04-04-2002
130211|04-04-2002
130212|04-04-2002
130213|4-2-2-2
130214|4-2-2-2
130215|4-2-2-2
130216|4-2-2-2
130217|4-3-3
130218|3-4-1-2
130219|4-2-2-2
130220|04-04-2002
130221|4-4-2
130222|4-4-2
130223|4-1-4-1
130224|4-2-3-1
130225|4-2-2-2
130226|4-2-3-1
130227|04-04-2002
130228|4-1-4-1
130229|4-2-3-1
130230|4-2-3-1
130231|4-3-3
130232|03-05-2002
130233|4-3-3
130234|04-03-2003
130235|4-2-3-1
130236|3-4-3
130237|4-3-3
130238|4-2-3-1
130239|3-4-3
130240|04-04-2002
130241|4-3-3
130242|04-04-2002
130243|4-4-2
130244|04-03-2003
130245|4-2-3-1
130246|4-2-2-2
130247|04-04-2002
130248|4-4-2
130249|4-2-3-1
130250|04-04-2002
130251|04-04-2002
130252|04-04-2002
130253|04-04-2002
130254|04-04-2002
130255|04-04-2002
130256|04-04-2002
130257|4-1-4-1
130258|04-04-2002
130259|04-04-2002
130260|04-04-2002
130261|03-05-2002
130262|4-2-2-2
130263|4-2-3-1
130264|04-04-2002
130265|04-04-2002
130266|4-3-3
130267|4-2-2-2
130268|04-03-2003
130269|04-04-2002
130270|04-03-2003
130271|4-3-2-1
130272|03-05-2002
130273|04-04-2002
130274|04-04-2002
130275|4-4-2
130276|04-03-2003
130277|04-04-2002
130278|4-4-2
130279|04-04-2002
130280|04-04-2002
130281|04-04-2002
130282|4-4-2
130283|04-04-2002
130284|4-3-1-2
130285|04-04-2002
130286|04-04-2002
130287|4-4-2
130288|04-04-2002
130289|04-04-2002
130290|04-04-2002
130291|04-04-2002
130292|04-04-2002
130293|04-04-2002
130294|04-04-2002
130295|04-04-2002
130296|04-04-2002
130297|04-04-2002
130298|3-4-1-2
130299|4-2-3-1
130300|04-04-2002
130301|04-03-2003
130302|04-04-2002
130303|04-04-2002
130304|04-04-2002
130305|04-04-2002
130306|04-04-2002
130307|04-04-2002
130308|04-04-2002
130309|3-4-3
130310|04-04-2002
130311|04-04-2002
130312|04-04-2002
130313|04-04-2002
130314|04-04-2002
130315|04-04-2002
130316|04-04-2002
130317|4-4-1-1
130318|04-04-2002
130319|04-04-2002
130320|04-04-2002
130321|4-4-2
130322|04-04-2002
130323|04-04-2002
130324|04-04-2002
130325|04-04-2002
130326|04-04-2002
130327|04-04-2002
130328|04-04-2002
130329|04-04-2002
130330|04-04-2002
130331|04-04-2002
130332|4-3-3
130333|04-04-2002
130334|04-04-2002
130335|4-2-3-1
130336|4-2-3-1
130337|4-3-3
130338|04-04-2002
130339|04-04-2002
130340|04-04-2002
130341|04-04-2002
130342|04-04-2002
130343|04-04-2002
130344|04-04-2002
130345|4-4-2
130346|04-04-2002
130347|04-04-2002
130348|4-4-2
130349|04-04-2002
130350|04-04-2002
130351|04-04-2002
130352|04-04-2002
130353|04-03-2003
130354|04-04-2002
130355|4-4-2
130356|4-4-1-1
130357|4-3-3
130358|4-4-2
130359|4-4-2
130360|4-4-2
130361|4-3-3
130362|4-4-2
130363|4-2-2-2
130364|04-04-2002
130365|4-2-2-2
130366|4-3-3
130367|04-04-2002
130368|4-1-2-1
130369|04-04-2002
130370|04-04-2002
130371|04-04-2002
130372|04-04-2002
130373|04-04-2002
130374|04-04-2002
130375|4-1-4-1
130376|04-04-2002
130377|4-3-1-2
130378|4-4-2
130379|4-2-2-2
130380|4-3-2-1
130381|4-2-2-2
130382|04-04-2002
130383|04-04-2002
130384|4-2-2-2
130385|4-2-2-2
130386|3-4-2-1
130387|4-4-2
130388|4-2-2-2
130389|4-4-2
130390|4-3-3
130391|4-3-1-2
130392|4-4-2
130393|4-3-2-1
130394|04-03-2003
130395|04-04-2002
130396|4-2-3-1
130397|4-4-2
130398|4-3-3
130399|04-04-2002
130400|4-4-2
130401|04-04-2002
130402|04-04-2002
130403|04-04-2002
130404|03-04-2003
130405|4-2-3-1
130406|4-5-1
130407|04-04-2002
130408|04-04-2002
130409|04-04-2002
130410|4-2-3-1
130411|4-2-3-1
130412|04-04-2002
130413|04-04-2002
130414|04-04-2002
130415|04-04-2002
130416|04-04-2002
130417|04-04-2002
130418|04-04-2002
130419|04-04-2002
130420|04-04-2002
130421|04-04-2002
130422|04-04-2002
130423|04-04-2002
130424|04-04-2002
130425|04-04-2002
130426|04-04-2002
130427|04-04-2002
130428|04-04-2002
130429|04-04-2002
130430|04-04-2002
130431|04-04-2002
130432|04-04-2002
130433|04-04-2002
130434|04-04-2002
130435|04-04-2002
130436|4-2-3-1
130437|04-04-2002
130438|04-04-2002
130439|04-04-2002
130440|04-04-2002
130441|04-04-2002
130442|04-04-2002
130443|04-04-2002
130444|04-04-2002
130445|04-04-2002
130446|04-04-2002
130447|04-04-2002
130448|4-2-2-2
130449|04-04-2002
130450|04-04-2002
130451|04-04-2002
130452|3-1-4-2
130453|4-2-3-1
130454|05-03-2002
130455|4-2-3-1
130456|4-2-3-1
130457|4-2-3-1
130458|4-2-3-1
130459|04-03-2003
130460|04-04-2002
130461|04-04-2002
130462|04-04-2002
130463|04-04-2002
130464|04-04-2002
130465|04-04-2002
130466|04-04-2002
130467|04-04-2002
130468|04-04-2002
130469|04-04-2002
130470|04-04-2002
130473|04-04-2002
130508|04-03-2003
130509|03-05-2002
130510|4-4-1-1
130543|04-04-2002
130549|04-04-2002
130596|4-2-3-1
130614|04-04-2002
130615|4-2-3-1
130616|4-2-3-1
130623|04-04-2002
130624|4-2-3-1
130626|4-4-1-1
130627|4-3-3
130831|4-2-3-1
130832|4-2-3-1
130833|3-4-3
130834|3-4-3
130901|4-3-3
130903|04-04-2002
130975|4-4-2
131000|04-04-2002
131006|04-05-2001
131018|04-04-2002
131044|3-5-1-1
