1|Mikel Arteta
2|Unai Emery
3|Valerien Ismael
4|Steven Schumacher
5|Enzo Maresca
7|Sean Dyche
8|Daniel Farke
9|Andoni Iraola
10|Enzo Maresca
11|Ruben Amorim
12|Rob Edwards
13|Eddie Howe
14|Nuno Espirito Santo
15|Julien Stephan
17|Tonda Eckert
18|Thomas Frank
19|Graham Potter
21|Vincent Kompany
22|Niko Kovac
23|Gerardo Seoane
25|Julian Schuster
27|Alois Schwartz
28|Merlin Polzin
29|Torsten Lieberknecht
31|Lukas Kwasniok
32|Erik ten Hag
33|Maurizio Jacobacci
34|Miron Muslic
36|Sebastian Hoeneß
38|Horst Steffen
39|Ivan Juric
44|Cristian Chivu
45|Igor Tudor
46|Maurizio Sarri
47|Paulo Fonseca
48|Antonio Conte
50|Carlos Cuesta
52|Gian Piero Gasperini
54|Marco Baroni
55|Kosta Runjaic
57|Christophe Pelissier
58|Benoit Tavenot
62|Sylvain Ripoll
64|Pierre Sage
65|Bruno Genesio
66|Paulo Fonseca
68|Stephane Le Mignan
69|Adi Hutter
70|Zoumana Camara
71|Luis Castro
72|Franck Haise
73|Luis Enrique
74|Habib Beye
76|Liam Rosenior
77|Jimmy Thelin
78|Brendan Rodgers
80|Neil Critchley
82|Derek McInnes
83|Stephen Frail
86|Philippe Clement
88|Chris Davies
89|Nathan Jones
91|John Eustace
92|Shaun Pearson
94|Kieran McKenna
95|Marti Cifuentes
97|Alex Neil
106|Regis Le Bris
109|Ryan Mason
110|Vitor Pereira
121|Lee Bell
127|Gareth Ainsworth
135|Dean Brennan
142|Grant McCann
143|Gary Caldwell
144|Marco Silva
149|Michael Skubala
159|Michel Kniat
160|Uwe Rosler
162|Claus-Dieter Wollitz
165|Thomas Kleine
166|Stefan Leitl
169|Bo Svensson
171|Miroslav Klose
172|Marc Unterberger
175|Paul Simonis
180|Tony Docherty
181|Jim Goodwin
189|Vincenzo Italiano
191|Thomas Letsch
199|Vincenzo Cangelosi
200|Vincenzo Vivarini
205|Giovanni Stroppa
206|Paolo Zanetti
209|Jurgen Saumel
210|Stephane Moulin
212|Mathieu Chabert
217|Regis Le Bris
219|Roberto De Zerbi
222|David katala
223|Toni Savevski
226|Olivier Guegan
229|Besnik Hasi
230|Andries Ulderink
231|Nicky Hayen
232|Vincent Euvrard
234|Bruno Lage
236|Martin Anselmi
237|Rui Borges
240|Diego Simeone
241|Hansi Flick
242|Antonio Hidalgo
243|Jose Mourinho
244|Ruben Selles
245|Johnny Heitinga
246|Robin van Persie
247|Peter Bosz
252|Dietmar Kuhbauer
254|Peter Stoger
256|Stephan Helm
259|Milos Kruscic
260|Alvaro Cervera
263|Gonzalo Garcia
266|Jindrich Trpisovsky
267|Brian Priske
269|Steve Cooper
270|Kent Nielsen
271|Jakob Poulsen
272|Alexander Zorniger
278|Matias Almeyda
280|Jose Luis Mendilibar
286|Giorgio Contini
294|Stephane Dumont
298|Alfred Johansson
299|Eusebio Di Francesco
300|Bjarte Lunde Aarsheim
301|Patryk Czubak
305|Alan Reynolds
306|Stephen Bradley
308|Corneliu Papura
315|Leonid Slutskiy
319|Jorgen Lennartsson
320|Allan Kuhn
321|Magnus Haglund
322|Joel Magnin
325|Okan Buruk
326|Domenico Tedesco
327|Sergen Yalc1n
330|Tomas Janotka
346|Mark Cooper
354|Chris Millington
357|Derek Adams
358|Michael Doyle
361|Alex Revell
378|Eric Roy
379|Karel Geraerts
381|Pete Wild
382|Tommy Widdrington
383|Abel Ferreira
393|Razvan Lucescu
417|Martin Falk
418|Jørgen Vik
420|Michal Gasparik
423|Stephen Kenny
433|Rikard Norling
436|Fatih Tekke
445|Tiernan Lynch
448|Ernesto Valverde
449|Manuel Pellegrini
450|Claudio Giraldez
452|Manolo Gonzalez
453|Jagoba Arrasate
454|Sergi Guillo
456|Jose Alberto
457|Sergio Francisco
459|Borja Jimenez
461|Carlos Corberan
462|Guillermo Almada
463|Eduardo Coudet
467|Benat San Jose
468|Eder Sarabia
472|Luis Garcia
479|Vicente Moreno
480|Inigo Perez
481|Matias Almeyda
483|Marcelino
485|Christian Titz
487|Tobias Schweinsteiger
489|Pedro Neto
492|Markus Kauczinski
503|Thomas Stamm
506|Pavel Dotchev
517|Rodrigo Bellao
518|Filipe Martins
523|Rudiger Ziehl
526|Christoph Dabrowski
531|Alexander Ende
537|Hayk Milkon
561|Ian Burchnall
563|John Russell
567|Marcao
568|Artur Jorge
569|Pedro Emanuel
570|Fabio Liverani
571|Raul Galbarro
573|Sergio Pellicer
576|Marcel Rapp
580|Vincent Wagner
598|Dorival Junior
605|Simone Inzaghi
607|Hassan Khalifa
620|David Gray
631|Don Cowie
634|Danny Buijs
645|Rick Kruys
666|Jose Mota
670|Rik De Mil
673|Thorsten Fink
674|Ivan Leko
680|Wouter Vrancken
681|Issame Charai
687|Caleb Porter
688|Wayne Rooney
689|Gerhard Struber
691|Marko Mitrovic
693|Gregg Berhalter
694|Robin Fraser
695|Eric Quill
696|Raphael Wicky
697|Greg Vanney
698|Ben Olsen
700|Magnus Haglund
702|Jens Gustafsson
708|Nanne Bergstrand
710|Mark Dempsey
711|Peter Gerhardsson
717|Custodio
730|Milan Rastavac
736|Marinos Ouzounidis
741|Emre Belozoglu
744|Sotiris Sylaidopoulos
748|Thomas Reis
753|Jon Daly
780|Maximilian Senft
813|Zdenko Frtala
819|Jacob Neestrup
834|Joey O'Brien
837|Ciaran Kilduff
873|Niels Frederiksen
896|Urs Fischer
897|Markus Babbel
898|Joe Zinnbauer
900|Adi Hutter
918|Kjetil Knutsen
919|Freyr Alexandersson
920|Geir Bakke
974|Hong Myungbo
980|Lee Min Sung
982|Lee Eul Yong
983|nico Tassio Lopes
1013|nico Nestor Gorosito
1032|Domenec Torrent
1035|Eduardo Dominguez
1039|Odair Hellmann
1041|Fernando Diniz
1043|Leonardo Jardim
1048|Paulo Pezzolano
1053|Cuca
1202|Carlos Watson
1318|Thomas Tuchel
1319|Edy Reja
1322|Ralf Rangnick
1325|Rudi Garcia
1327|Yasen Petrov
1328|Zlatko Dalic
1330|Miroslav Koubek
1331|Age Hareide
1334|nico Markku Kanerva
1335|Didier Deschamps
1337|Julian Nagelsmann
1338|Michael Skibbe
1342|Elisha Levy
1343|Silvio Baldini
1346|Valdas Ivanauskas
1352|Stale Solbakken
1353|nico Adam NawaBka
1354|Roberto Martinez
1355|Martin O'Neill
1356|nico Christoph Daum
1357|nico Stanislav Chercheso
1359|Steve Clarke
1360|Stefan Tarkovic
1362|Luis de la Fuente
1363|Graham Potter
1364|Murat Yakin
1365|Vicenzo Montella
1366|Andriy Shevchenko
1367|Chris Coleman
1369|Lionel Scaloni
1370|Carlo Ancelotti
1375|Gustavo Alfaro
1377|Marcelo Bielsa
1383|Oscar Ramirez
1386|Javier Aguirre
1387|Mauricio Pochettino
1391|Sabri Lamouchi
1393|Gernot Rohr
1395|nico Hugo Broos
1411|Hajime Moriyasu
1413|nico Marcello Lippi
1415|Tony Popovic
1438|Vasco Matos
1439|Peter Swardh
1443|Nickolai Lund
1446|Jens Berthel Askou
1447|Thomas Nørgaard
1473|Kim Do Hoon
1474|Choi Soon Ho
1477|nico Edu Silva
1478|Choi Yun-kyum
1480|Paul Simpson
1516|Mike Tullberg
1524|Azar Karadas
1530|Alexandre Dujeux
1569|Mariusz Misiura
1571|John Caulfield
1572|Kevin Doherty
1598|Rogerio Ceni
1629|Renato Gaucho
1667|Pape Thiaw
1704|Marco Schallibaum
1713|Bruno Berner
1719|Jair Ventura
1738|Didier Digard
1739|Patrick Videira
1744|Andrea Sottil
1746|Guido Pagliuca
1750|Onur Cinel
1754|Stephen Robinson
1755|Kjetil Rekdal
1756|Thomas Myhre
1757|Andreas Tegstrom
1786|Rasmus Bertelsen
1788|Jens Fønsskov Olsen
1789|nico Reginaldo Lima
1790|John Mousinho
1792|Philippe Clement
1793|Leam Richardson
1794|Chris Wilder
1795|Javi Gracia
1796|Scott Parker
1797|Matt Hamshaw
1798|Liam Manning
1799|Roy Hodgson
1800|Frank Lampard
1801|Paul Heckingbottom
1802|Stephen Clemence
1803|Mat Sadler
1804|Graham Alexander
1805|Franck Rizzetto
1806|Mark Robins
1807|Henrik Pedersen
1808|Fabian Hurzeler
1809|Carles Martinez
1814|Olivier Frapolli
1815|Gregory Proment
1816|Omar Daf
1819|Eirik Horneland
1823|Pablo Correa
1824|Dino Toppmoller
1825|Boris Schommers
1826|Reiner Plaßhenrich
1831|Steffen Baumgart
1832|Christian Eichner
1837|Massimo Donati
1842|Fabio Pisacane
1843|Filippo Inzaghi
1844|Roberto Venturato
1845|Giacomo Modica
1846|Federico Valente
1847|Domenico Di Carlo
1848|Fabio Caserta
1853|Julian Calero
1854|Alberto Gonzalez
1855|Fran Fernandez
1856|Jorge Garcia
1860|Jose Bordalas
1861|Rubi
1862|Alain Geiger
1867|Ivan Ania
1871|Marek Papszun
1874|Thomas Doll
1876|nico Leonardo Ponzio
1877|Rodolfo Arruabarren
1878|Nicolas Larcamon
1879|Andre Jardine
1880|Gabriel Milito
1881|Efrain Juarez
1882|Antonio Mohamed
1884|Diego Alonso
1886|Marco Rossi
1887|Luis Pinto
1888|Cesar Peixoto
1889|Silas
1891|Tiago Margarido
1892|Nuno Braga
1893|Miguel Moita
1894|Jose Juan Romero
1895|Vasco Botelho da Costa
1896|Carlos Vicens
1898|Luis Merencio
1900|Vasco da Costa
1901|Cesar Peixoto
1903|Ron Jans
1904|Carl Hoefkens
1906|Maarten Martens
1908|Joseph Oosting
1910|Dick Schreuder
1913|Robin Veldman
1914|Henry van der Vegt
1915|Dick Lukkien
1917|Ryan Lowe
1919|Gerhard Struber
1920|Micky Mellon
1923|Jack Wilshere
1924|Paul Cook
1925|Keith Andrews
1926|Ian Evatt
1928|Darren Moore
1929|Tom Cleverley
1930|Kevin Nolan
1931|Dave Challinor
1932|Conor Hourihane
1933|Michael Duff
1934|Michael Flynn
1935|Matthew Etherington
1936|Darrell Clarke
1937|Luke Williams
1938|Luke Williams
1939|Lee Grant
1940|Nigel Clough
1941|Kevin Phillips
1943|Andoni Iraola
1944|Mark Bonner
1947|Phil Parkinson
1948|Neal Ardley
1949|Michael Nelson
1951|Gary Rowett
1952|Sergej Jakirovic
1954|Kevin Maher
1955|Jim McNulty
1958|Richie Wellens
1960|Darren O'Dea
1961|Brian Barry-Murphy
1962|Matt Taylor
1964|Ian Culverhouse
1968|Gaizka Garitano
1970|Guido Pizarro
1971|Ruben den Uil
2014|David Hubert
2017|Manfred Schmid
2023|Javi Rey
2030|Fran Justo
2038|Raffaele Biancolino
2041|Andreas Hagen
2054|Regis Brouard
2055|Kim Tae Wan
2056|Andre Xindio
10018|Carlos Fangueiro
10019|Ricardo Costa
10020|Ian Cathro
10029|Christian Ilzer
10030|Ralf Kettemann
10031|Tiago Fernandes
10032|Michele Campana
10846|Ramis
15001|Morten Karlsen
15005|Sven Vandenbroeck
15009|Ognjen Zaric
15012|Cuco Ziganda
15015|Gary Bowyer
15019|Dani Vidal
15021|Oscar Cano
15029|Fernando Gago
15040|Philipp Semlic
15048|Nigel Adkins
100087|Felice Mazzu
100126|Zeljko Sopic
100130|Mario Gregurina
100132|Nikola Safaric
100133|Victor Sanchez
100142|Lubos Kozel
100143|Radoslav Kovac
100149|Jan Kamenik
100185|Phil Parkinson
100290|Andy Peaks
100325|Mika Lehkosuo
100409|Sandro Wagner
100594|Alyaksey Baha
100616|Roberto Bordin
100632|Melvin Boel
100634|Bas Sibum
100638|Anthony Correia
100646|Maurice Steijn
100741|Hugo Oliveira
100753|Vitoriano Ramos
100757|Ovidiu Burca
100761|Bogdan Vintila
100765|Yuriy Semin
100767|Massimo Carrera
100769|Mircea Lucescu
100804|Simo Valakari
100810|Martin Sevela
100816|Darko Milanic
100831|Pablo Alvarez
100851|Julian Calero
100852|Pablo Hernandez
100879|Ruben Torrecilla
100882|Albert Carbo
100888|Paco Lopez
101014|Nuri Sahin
101020|Markus Gisdol
101025|Huseyin Eroglu
101026|Stanimir Stoilov
101032|Selcuk Inan
101033|Recep Ucar
101037|Ilhan Palut
101045|Roman Grygorchuk
101048|Yuriy Vernydub
101055|Valeriy Ivashchenko
101058|Vicente Gomez
101059|Marino Pusic
101062|Vitalyi Kosovskyi
101078|Vladan Milojevic
101083|Alexander Medina
101084|nico Ariel Pereyra
101085|Juan Pablo Vojvoda
101088|nico Guillermo Schelotto
101097|Gustavo Lema
101100|nico Lucas Gonzalez
101101|nico Sebastian Vera
101102|nico Rafael Dudamel
101103|nico Luis Amaranto
101104|nico Pablo Repetto
101105|nico Alberto Gamero
101106|nico Hernan Herrera
101112|Jesper Sørensen
101114|Diego Cocca
101121|Martin Varini
101145|Nelsinho Baptista
101146|Takayuki Yoshida
101147|Daiki Iwamasa
101150|Albert Puig
101151|Kevin Muscat
105013|Sergej Barbarez
105035|Mister Xavi
105501|nico Gilberto Pereira
105502|nico Rodrigo Pereira
105503|nico Alex Alves
105504|Chiquinho Viana
105511|nico Oscar de Souza
105516|Flavio Araujo
105517|nico Henrique Oliveira
105519|nico Marcio Ribeiro
105520|nico Pita
105521|Cesar Bueno
105522|nico Samuka
105523|nico Edson Silva
105524|nico Leandro Sena
105526|nico Ze Carije
105527|nico Anderson Leal
105528|nico Fabiano Soares
105529|nico Vinicius Munhoz
105530|Argel Fuchs
105531|nico Marcelo Rospide
105532|Thiago Oliveira
105533|nico Adilson Roque
110058|Carlos de Lerma
110061|Adrian Hernandez
110062|Michel
110065|Fernando Estevez
110069|Fran Justo
110072|Dorinel Munteanu
110078|Nicolae Constantin
110082|Dragan Stojkovic
110088|Joao Henriques
110093|nico Jadson Viera
110144|Francisco Rodriguez
110147|Esteban Solari
110150|Esteban Gonzalez
110152|Albert Espigares
110169|Matthias Mink
110197|Marco Wildersinn
110206|RafaB Gorak
110234|Dmitri Khokhlov
110242|Cristobal Parralo
110313|John Coleman
110321|Nicolas Usai
110329|Alexander Blessin
110364|Domenico Toscano
110373|Filippo Inzaghi
110374|Raffaele Palladino
110378|nico Ivan Mazzuia
110379|Stelios Malezas
110380|Juan Ferrando
110392|Ivan Juarez
110394|Dario Franco
110395|nico Mauricio Pellegrino
110396|nico Frank Kudelka
110404|nico Pedro Troglio
110406|Andres Yllana
110452|Pablo Garcia
110456|Nicolas Rabuel
110464|Tomas Galasek
110466|Bronislav Cervenka
110467|Martin Svedik
110468|Martin Hysky
110472|Ales Majer
110473|Jan Trousil
110500|Heiner Backhaus
110501|Alexander Ende
110502|Florian Kohfeldt
110532|Rudiger Rehm
110536|Savvas Pantelidis
110540|nico Vladimir de Jesus
110548|nico Cesar Paulista
110549|Alfredo Sampaio
110554|Sergio Marclay
110556|Patrick Vieira
110569|Omar Daf
110576|Alain Pochat
110580|Ariel Jorge Almiron
110581|Gabriel Gomez
110588|Petrik Sander
110597|Lucas Beniermann
110636|Markus Anfang
110645|Olaf Janßen
110678|Samir Ferchichi
110714|Jesus Galvan
110720|Michael Kollner
110724|Frederik Vanderbiest
110734|Emilio Longo
110738|Alberto Gilardino
110740|Davide Dionigi
110741|Luca D'Angelo
110745|Adrian Siemieniec
110746|Tomasz Grzegorczyk
110747|Luka Elsner
110749|Leszek Ojrzynski
110750|Roland Nagy
110751|Eugen Neagoe
110752|Marius Croitoru
110765|Jørn Andersen
110770|Didier Tholot
110776|Burak Y1lmaz
110781|Javier Gandolfi
110795|Rob Elliot
110799|Matt Gray
110815|Mircea Rednic
110827|Veljko Paunovic
110831|Toni Seligrat
110832|Pacheta
110839|Sergi Guillo
110849|Igor Oca
110869|Ruslan Kostyshyn
110871|Yegishe Melikyan
110876|Viktor Skrypnyk
110890|Rob Elliot
110907|Cristian Bucchi
110908|Alberto Aquilani
110911|Luciano Zauri
110912|Matteo Andreoletti
110915|Michele Mignani
110930|Muhsin Ertugral
110935|Steve Komphela
110955|Gregorio Manzano
110975|Daniel Garnero
110977|Ronald Fuentes
110978|Gustavo Huerta
110979|Cesar Bravo
110980|Fernando Ortiz
110997|Odir Jacques
111022|nico Ricardo Zielinski
111041|Mauricio Barbieri
111042|Mozart
111043|Gilson Kleina
111044|Fernando Seabra
111045|Raul Cabral
111046|Eduardo Baptista
111048|Tcheco
111049|Umberto Louzer
111050|Helio dos Anjos
111052|Paulo Autuori
111054|nico Serginho Catarinens
111057|Mariano Soso
111058|Cristian Souza
111059|Daniel Paulista
111065|Pablo Mastroeni
111082|Dawid Szwarga
111083|Jacek Zielinski
111086|Max Molder
111090|nico Artur Jorge
111091|John Carver
111097|Mateusz Stolarski
111099|nico Ephraim Mashaba
111108|nico Ricardo Gareca
111109|Nestor Lorenzo
111111|Mohamed Ouabhi
111112|Emerse Fae
111113|Walter Claveri
111114|Georgios Donis
111115|Amir Ghalenoei
111117|Marcel Licka
111128|Yuriy Kalitvintsev
111130|Hossam Hassan
111138|Adrian Heath
111139|Marco Donadel
111140|Phil Neville
111144|Brian Schmetzer
111235|Frank Schmidt
111239|Michael Kollner
111273|Gregory Poirier
111276|Albert Sanchez
111282|Henning Berg
111292|nico Ademir Fesan
111293|Mauricio Copertino
111299|Willian Heiler
111300|Ze Roberto
111327|Jaime Garcia
111328|Guilhermo Farre
111339|Shota Arveladze
111353|Moine Chaabani
111376|Fabien Dagneaux
111379|Hans-Jurgen Boysen
111393|Guillermo Amor
111400|Graham Arnold
111433|Davide Possanzini
111434|Giovanni Stroppa
111448|Vladimir Petkovic
111451|nico Cesar Farias
111455|Jesse Marsch
111456|Pedro Leitao Brito
111459|nico Reinaldo Rueda
111462|Carlos Queiroz
111465|Sebastian Beccacece
111466|nico Stephen Constantine
111473|Darren Bazeley
111475|Thomas Christiansen
111481|Theodore Whitmore
111484|Stephen Hart
111485|Fabio Cannavaro
111487|nico Jose Peseiro
111512|Graham Arnold
111513|Jamal Sellami
111527|Julen Lopetegui
111539|De la Barrera
111545|Barthelemy Ngatsono
111546|Ramon Maradiaga
111548|Jorge Luis Pinto
111551|Marco Antonio Figue
111556|Callisto Pasuwa
111575|Ricardo Rodriguez
111651|Robin Fraser
111654|Sergio Bueno
111657|Massimiliano Alvini
111658|David Prats
111659|Didier Santini
111670|Tintin Marquez
111674|Imanol Alguacil
111678|Sebastian Abreu
111701|Cacaio
111704|Ranielle Ribeiro
111705|Olof Mellberg
111706|nico Esteban Solari
111707|Javier Sanguinetti
111708|Julio Falcioni
111710|nico Julio Vaccari
111711|nico Diego Martinez
111713|nico Leandro Romagnoli
111715|Diego Dabove
111716|Leonardo Madelon
111717|Mariano Campodonico
111722|Sebastian Oliveros
111723|nico Rene Rosero
111724|Mano Menezes
111727|Lecheva
111730|Toru Oniki
111733|Felix Sanchez
111736|Totchtawan Sripan
111766|Cesc Fabregas
111768|Alberto Zaccheroni
111802|Andrea Mandorlini
111811|Paolo Bianco
111812|Jaroslav Vesely
111817|Stephane Gilli
111822|Dietmar Kuhbauer
111836|Marcel Keizer
111928|Bruce Arena
111969|Grigoriy Babayan
111974|Alessio Dionisi
111976|Allan Aal
111984|Renato Coimbra
111993|Edoardo Gorini
112001|Douglas Leite
112019|Jhon Jaime
112026|Gaetano Auteri
112038|Raul Gonzalez Triana
112048|Sebastien Migne
112054|Dick Advocaat
112072|Marcus Lantz
112077|nico Wendel Freitas
112082|Diego Vasquez
112092|Kenta Hasegawa
112093|Hiroshi Matsuda
112094|Pedro Martins
112096|Saad Al Shehri
112099|Fernando Guerrero
112115|Kim Byung Soo
112116|Lucas Bovaglio
112119|Roger Silva
112124|Ignazio Abate
112126|Kim Hellberg
112134|Bradley Carnell
112139|Jorge Jesus
112163|Jordi Vinyals
112168|Fabio Caserta
112169|Hans Eklund
112172|Ole Werner
112190|nico Dr. Barrosinho
112199|Even Sel
112208|Albert Riera
112222|Simon Weaver
112224|John van't Schip
112225|Andrea Dossena
112234|Djmael Belmadi
112236|David Horejs
112254|Graham Coughlan
112258|Lee Jung Hyo
112259|Johnnie Jackson
112260|Lee Johnson
112276|Xavier Collin
112345|Akio Kogiku
112376|Kelvin Davis
112385|Volodymyr Sharan
112387|Matthias Jaissle
112390|Jose Gomes
112391|Brendan Rodgers
112393|Pericles Chamusca
112398|Marco Banchini
112408|Junior Amorim
112409|Cristian Serpini
112410|Salvatore Aronica
112427|Emanoel Sacramento
112476|Rafael Lacerda
112493|Antonio Calabro
112494|Fabrizio Castori
112510|Marcin Brosz
112513|Vasco Seabra
112516|Toze Marreco
112523|nico Diego Merino
112526|nico Ricardo Valino
112527|nico Carlos Pineda
112528|Flabio Torres
112531|Jose Cantilana
112552|Olivier Echouafni
112578|Flavio Robatto
112579|nico Arturo Reyes
112584|Walter Ribonetto
112606|Martin Perelman
112631|Pablo Amo
112638|Masatada Ishii
112639|Enrique Garcia
112649|Luke Garrard
112652|Johanny Garcia
112665|Mario Ferreira
112668|Carlos Galdames
112670|nico Omar De Felippe
112705|Juan Jose Ribera
112709|Hernan Caputto
112713|nico Facundo Sava
112764|Andy Woodman
112828|Pascal Jansen
112834|Diego Arias
112866|William Coito
112880|David Noble
112883|Giorgos Donis
112885|Gerardo Martino
112893|Javier Mascherano
112903|nico Hubert Bodhert
112904|Ruben Forestello
112925|Gaston Lotito
112954|Stefano Vecchi
112979|David Patricio
112990|Zico
112992|nico Pablo Peirano
112996|Marc Dos Santos
113007|nico Julinho Camargo
113011|Josivaldo Alves
113013|nico Fabio Augusto Abade
113015|nico Eugenio Gomes
113016|Carlos Leiria
113018|nico Paulo Foiani
113022|nico Flavio Tinoco
113028|nico Rodrigo Cesar
113037|Javier Calleja
113055|nico Wendel Costa
113057|Pedro Emanuel
113060|Paulo Sergio
113067|Horacio Melgarejo
113080|Filinto Holanda
113101|Rogerio Correa
113102|nico Vagner Benazzi
113103|nico Kayros Prattes
113104|nico Marcelo Chamusca
113105|Mazola Junior
113107|nico Adilson Teodoro
113111|nico Thiago Oliveira
113113|nico Ito Roque
113115|nico Reginaldo Vital
113116|Luizinho Lopes
113117|nico Kokan
113119|nico Everson Pereira
113120|nico Paulo Baier
113121|Higo Magalhaes
113124|nico Sebastiao Rocha
113125|nico Freitas Nascimento
113127|nico Thiago Nogueira
113130|nco Renato Peixe
113132|Roberto Fonseca
113133|nico Wagner Oliveira
113134|Aridelson Bianchi
113135|nico Leocir Dall'Astra
113136|Paulinho Guara
113139|Willian Brito
113142|Joao Pereira
113145|nico Alexandre Cristosso
113146|Lucas Isotton
113147|Andrea Chiappella
113149|nico Paulinho
113150|Raimundinho
113152|Jairo Nascimento
113154|nico Emerson Cris
113157|Michael Skibbe
113160|Kenta Kawai
113161|Satoshi Yamaguchi
113162|Gwi-jae Jo
113163|Rafael Guanaes
113165|nico Leo Goiano
113167|nico Wilson Junior
113169|nico Guilherme Francisco
113172|nico Elio Sizenando
113186|Michael Petrovic
113197|Tomonobu Hayakawa
113217|Armando Evangelista
113222|Jalel Kadri
113356|Natxo Gonzalez
113378|Leo Grozavu
113459|Amund Skiri
113599|Andy Whing
113616|Ferdinand Feldhofer
113742|Stephane Le Mignan
113743|Joakim Persson
113746|Ismael Blanco
113890|Juan Carlos Garrido
113892|Tobias Solberg
113926|Neil Wood
113981|Paco Jemez
114147|Vasile Miriuta
114161|Nico Estevez
114162|B.J. Callaghan
114185|Francisco Perlo
114326|Marek Papszun
114385|Dan Petrescu
114554|Ibai Gomez
114598|Gerardo Ameli
114628|Milan Ristic
114640|Dean Smith
114694|Agustin Robles
114695|Martin Garcia
115494|Laurent Guyot
115505|Leonid Kuchuk
115693|Luis De Oliveira
115892|Mario Silva
116263|Victor Rivera
116275|Tommy Wheeldon Jr
116293|Christian Castro
116295|Roberto Nanni
116360|Jung-won Seo
116361|Pedro Morilla
120000|nico Valter Lima
120001|Carlos Ferro
120002|Junior Rocha
120003|William De Mattia
120004|Marcelo Fernandes
120005|Fabio Matias
120006|Eduardo Barros
120007|nico Luciano Quadros
120008|nico Sergio China
120009|nico Wagner Lopes
120010|nico Toninho Andrade
120011|nico Hermes Junior
120012|nico Ricardo Santiago
120013|Junior Amorim
120015|Washington Luiz
120016|Guto Ferreira
120017|Itamar Schulle
120018|nico Wilson Junior
120019|nico Wesley Assis
120020|Fernando Marchiori
120021|Alejandro Cappuccio
120022|Cristian Chambian
120023|Gustavo Matosas
120025|Carlos Canobbio
120026|Carlos Aguiar
120027|Jorge Fossati
120029|Daniel Carreno
120030|Diego Aguirre
120031|Gabriel Di Noia
120032|Ignacio Ordonez
120033|Marcelo Mendez
120034|Tabare Silva
120035|Mathias Corujo
120036|Mauricio Larriera
120037|Nelson Valdez
120038|Gonzalez Frutos
120039|nico Francisco Arce
120040|Victor Bernay
120041|nico Gustavo Costas
120042|Dalcio Giovagnoli
120043|Pablo Sanchez
120045|Hernan Lopez
120046|Humberto Ovelar
120047|Juan Pablo Grass
120048|Jose Arrua
120049|Pablo Guede
120052|Carlos Desio
120053|Pedro Martins
120054|Federico Urciuoli
120055|Miguel Rondelli
120057|Javier Rabanal
120058|Richard Pellejero
120059|Roberto Mosquera
120060|Jose Chemo
120062|Hector Cuper
120064|Cristian Paulucci
120065|Pablo Trobbiani
120066|Raul Antuna
120067|Paul Velez
120068|Juan Carlos
120069|Marcelo Zuleta
120070|nico Ezequiel Medran
120071|nico Joaquin Papa
120073|nico Gustavo Alvarez
120075|Noberto Araujo
120076|Diego Martinez
120079|Alejandro Restrepo
120082|Gustavo Florentin
120084|Jorge Alfonso
120086|Zago
120087|David Diaz
120090|nico Leo Gonzalez
120092|nico Daniel Farias
120093|Noel Sanvicente
120094|nico Francesco Stifano
120095|nico Hector Bidoglio
120098|nico Alvaro Recoba
120099|nico Jesus Gomez
120102|nico Luis Vera
120103|nico Jesus Ortiz
120104|nico Josue Ortiz
120107|Jorge Cordon
120110|Damian Ayude
120111|Seba Dominguez
120112|Juan Manuel Azconzabal
120114|Gabriel Viglianti
120115|nico David Gonzalez
120117|Andres Montenegro
120124|Martin Palermo
120127|Ariel Martos
120129|Jose Maria Martinez
120130|Salvador Daniele
120132|Jose Cheche
120135|Leonardo Fernandez
120136|Guillermo Duro
120140|Walter Otta
120149|nico Dario Franco
120409|Felipe Conceicao
120410|Evaristo Piza
120414|Henrique Barcellos
120415|Moacir Junior
120424|Leomir
120425|nico Fabio Alax
120426|nico Eduardo Bahia
120428|nico Eduardo Henrique
120429|Laecio Aquino
120432|Marcelo Caranhato
120433|Neto Colucci
120435|Rafael Cruz
120438|Sandro Macapa
120439|nico Vinicius Munhoz
120440|nico Raphael Miranda
120441|nico Alexandre Gomes
120444|nico Junior Cearense
121173|Antonio Gomez
121174|Selcuk Sahin
121439|Mikey Varas
121491|Johannes Moesgaard
121735|Des Buckingham
121798|Christophe Galtier
122231|Taquin Frederic
123917|nico Gerson Andreotti
123921|Vagner Mancini
123922|nico Ricardo Lima
123923|nico Fabio Toth
128038|Ruca Sa
128039|Antonio Torres Campos
128040|Carlos Fernandes
128041|Rui Mota
128042|Pedro Caneco
128043|Rui Maside
128044|Pedro Hipolito
128045|Alex
128046|Jose Santos
128047|Joao Aguiar
128048|Tarantini
128049|Pedro Basto D'Olive
128050|Pedro Russiano
128051|Rafael Sousa
129901|Herve Della Maggiore
130010|Mohamed Youssef
130011|Matheus Lima
130012|Lucas Oliveira
130013|Ignacio Ithurralde
130014|Thomas Christiansen
130015|Igor Kostyuk
130016|Sergio Ramos
130017|Mario Kovacevic
130018|nico Ivan Canela
130019|Edson Fabiano
130020|Jorda Guerreiro
130021|Rogerio Micale
130022|Waguinho Dias
130023|Jordan Freitas
130024|Ricardo Resende
130025|Gabardo Junior
130026|Leo Conde
130027|nico Rafael Jacques
130028|Claudio Tencati
130029|nico Gilson Maciel
130030|nico Fernando Tonet
130031|Ronald Justiniano
130032|Edward Zenteno
130033|nico Dico Woolley
130034|Walter Gerpe
130035|Juan Malpica
130036|nico Rafael Ferro
130037|Ze Augusto
130038|Erwin Sanchez
130039|Tae-Ha Park
130040|Maurinho
130041|Eder Bastos
130042|Robson
130043|nico Wemerson Silva
130044|Sven-Goran Eriksson
130045|Enderson Moreira
130046|Vinicius Bergantin
130047|nico Guilherme Cruz
130048|Xiuquan Jia
130049|Oleg Dulub
130050|Jang-Soo Lee
130051|Myung-Bo Hong
130052|Ludovic Magnin
130053|Elesio Dimas
130054|Dragan Okuka
130055|Seo Jung Won
130056|Luis Vera
130057|Hector Marecos
130058|Kiko Costa
130059|Raul Cabral
130060|Marko Nikolic
130061|Alyaksandr Yermakovich
130062|nico Danilo
130063|Cicero Junior
130064|nico Marcinho
130065|nico Gilson Kleina
130066|Raphael Pereira
130067|nico Jonilson Veloso
130068|Adelson de Almeida
130069|Rommel Vieira
130070|nico Bilu
130071|nico Roberto Oliveira
130072|Jerson Testoni
130073|nico Nei Cesar
130074|nico Sergio China
130075|nico Vilson Porto
130076|nico Andre Beijoca
130077|nico Adriano Souza
130078|nico Edson Andrade
130079|nico Daniel Neri
130080|nico Josue Teixeira
130081|nico Thiago Carvalho
130082|nico Valdierre Jota
130083|nico Jaelson Marcelino
130084|nico Rodrigo Ribeiro
130085|nico Ronaldo Bage
130086|Leandro Flavio
130087|nico Adriano
130088|nico Roberval Davino
130089|nico Ze Humberto
130090|nico Gustavo Brancao
130091|nico Matheus Costa
130092|nico Eurico Salamino
130093|Leo Roquete
130094|nico Alyson Dantas
130095|Marcos Soares
130096|nico Marcos Birigui
130097|Robson Melo
130098|Eloir
130099|nico Edson Porto
130100|Leston Junior
130101|nico Luiz Carlos Souza
130102|nico Rafael Santiago
130103|Angelo Luiz
130104|nico Marcelo Caranhato
130105|Andre Borges
130106|Edmilson Marcal
130107|Nuno Pereira
130108|Ivan Campanari
130109|Paulo Baier
130110|Dado Oliveira
130111|Uidemar Pessoa
130112|nico Rafael Novaes
130113|nico Luan Carlos
130114|Julio Cesar Nunes
130115|Luiz Carlos Winck
130116|nico Tinoco
130117|nico Fabiano Daitx
130118|Kinho Forgiarini
130119|nico Emerson Cris Hartko
130120|nico Lucio Flavio
130121|nico Ageu Goncalves
130122|Matheus Coelho
130123|nico Sinomar Naves
130124|Lucas Isotton
130125|Iedo Morgado
130126|Jonydei Tostao
130127|nico Adriano Piemonte
130128|nico Guilherme Alves
130129|nico Stelio Metzker
130130|nico Henrique Barcellos
130131|nico Toninho Cobra
130132|nico Filippo Novelli
130133|nico PC dos Santos
130134|nico Fernando Lins
130135|nico Alessandro Telles
130136|nico Douglas Ricardo
130137|nico Paulo Henrique Marq
130138|nico Ary Marques
130139|nico Mauricio Carneiro
130140|nico Jason
130141|Rafael Soriano
130142|nico Marcus Viola
130143|nico Axel Arruda
130144|nico Douglas da Silva
130145|nico Luiz Carlos Martins
130146|nico Marcus Viola
130147|nico Fabio Toth
130148|nico Jorge Castilho
130149|nico Wilson Junior
130150|nico Cleber Gaucho
130151|nico Sergio Guedes
130152|nico Faouzi Benzarti
130153|Abdullah Mubarak
130154|nico Claudemir Pontin
130155|Slavisa Jokanovic
130156|nico Thierry Froger
130157|Marcio Parreiras
130158|Wando da Costa
130159|nico Luizinho Vieira
130160|nico Nicolas Diez
130161|Ederson Araujo
130162|nico Rafael Marques
130163|Ricardo Campos
130164|nico Anderson Florentino
130165|Marcos Nascimento
130166|Jairo Santos
130167|Maurilio Silva
130168|Joao Angelo
130169|Glauber Caldas
130170|nico Tronkim
130171|Rodrigo Fonseca
130172|Luis Garcia
130173|China Balbino
130174|Paulo Junior
130175|Rodrigo Santana
130176|Ney Franco
130177|Paulinho McLaren
130178|Basay
130179|Konstantinos Georgiadis
130180|Giannis Petrakis
130181|nico Tim Melo Rego
130182|Athanasios Staikos
130183|Luciano Moraes
130184|Reinaldo
130185|Guilherme Cruz
130186|Arthur Barroso
130187|Leandro Silva
130188|nico Leo Roquete
130189|nico Capitao Elias Andr
130190|Luan Carlos
130191|Luiz Omar Pinheiro
130192|Paulo Sales
130193|Parviz Mazloomi
130194|Gregorio Manzano
130195|Ivan Fedyk
130196|Sergio Blanco
130197|Eduardo Sarago
130198|Lisandro Greppo
130199|Sanguinetti
130200|Javier Delgado
130201|Leonardo Eguez
130202|Eduardo Villegas
130203|Joao Burse
130204|Hector Vargas
130205|Miguel Falero
130206|Carlos Pavon
130207|Pedro Caixinha
130208|Renildo Souza
130209|Rodrigo Fonseca
130210|Douglas Barbosa
130211|Douglas Ricardo
130212|Romulo Oliveira
130213|Carlos Junior
130214|nico Dr. Barrosinho
130215|Leandro Santos
130216|Eric Rodrigues
130217|Raul Chabrand
130218|nico Celio Ivan
130219|Armando Pinto
130220|Diego Soriano
130221|Diego Flores
130222|Shotta Noku
130223|Choi Kang Hee
130224|Poya Asbaghi
130225|Alfredo Berti
130226|Raul Oliveira
130228|Serhiy Lavrynenko
130229|Wayne Dover
130230|Beto
130231|Aurelio Ruiz
130232|Inocencio Gaspar
130233|Jamaal Shabazz
130234|Claudio Santos
130235|Stuart Charles-Fevrier
130236|Anthony Patric
130237|Calvert Fitzgerald
130238|Ingemar Pieternella
130239|Zoran Vranes
130240|Koosha Delshad
130241|nico Jorge Castilho
130242|nico Serjao
130243|Edivaldo Rojas
130244|Gurban Grygorchuk
130245|Wladimir Araujo
130246|Carlos Moraes
130247|Wantuil Rodrigues
130248|Tele Santana
130249|Helder Cristovao
130250|Fernando Lage
130251|Christian Ocampo
130252|Vasco Seabra
130253|Edson Nascimento
130254|Luiz Carlos Prima
130255|Ovidio Neto
130256|Rodrigo Limiro
130257|, Fernando Ribeiro
130258|Jose Faria
130259|Leandro Raches Tave
130260|Boiadeiro
130261|nico Roberto Carlos
130262|Alessandro Oliveira
130263|Matheus
130264|; Alyson Dantas
130265|Charles de Almeida
130266|Duzinho
130267|nico Souzinha
130268|Antonio Moreira
130269|Cezar Wellington
130270|Marcus Alexandre
130271|Yoann Damet
130272|Roberto Gamarra
130273|Joao Pereira
130274|, Gauchinho
130275|Franklin Ortiz
130276|Pat Noonan
130277|Carlos Correa
130278|Roberto Carlos
130279|Valdierre Jota
130280|Ademilson Almeida
130281|Daniel Rocha
130282|Raimundo Wagner
130283|Igor Cearense
130284|Bernardinho
130285|Rodrigo Santana
130286|Anderson Barbosa
130287|Wilton Bezerra
130288|Adelmo Soares
130289|Marcos Valadares
130290|Jose Antonio N.
130291|Charles Hermes
130292|Thiago Constancia
130293|Jorge Luis Castilho
130294|Tassio Lopes
130295|Edson Vieira
130296|Jorda
130297|Caio Rodrigo
130298|Buiao
130299|Stoycho Stoev
130300|Eduardo Mineiro
130301|Mauricio Ramos
130302|William de Mattia
130303|Fabiano Daitx
130304|Danilo Britto
130305|Bruno Tiago
130306|Igor Custodio
130307|Armando Pinto
130308|Agenor Piccinin
130309|Olavio Gomes
130310|Jaime Cosmo
130311|Douglas Santos
130312|Carlinhos
130313|Amadeo Moderno
130314|Luciano Dias
130315|Joao Vallim
130316|Anderson Aguinaldo
130317|Paulinho MacLaren
130318|Orlando Till
130319|nico Allan Rodrigo Aal
130320|nico Bruno Barros
130321|Hamilton Soares
130322|Otacilio Neto
130323|Shigetoshi Hasebe
130324|Rafael Octaviano
130325|Laelson Lopes
130326|Evaristo Piza
130327|Danilo Brito
130328|Marlon Cutrim
130329|Augusto Cesar
130330|Flavio Araujo
130331|Paulinho Kobayashi
130332|Diego Souza
130333|Joao Batista
130334|Artur Oliveira
130335|; Rodrigo Bandeira
130336|Thiago Eduardo
130337|Gauchinho
130338|Matheus Lima
130339|Ricardo Antonio
130340|Paulo Fontes
130341|Murilo Zambioni
130342|Hartkopp
130343|Silvestre dos Anjos
130344|Valdomiro Ferreira
130345|Danilo Brito
130346|Sidney Bento
130347|Wiliam Campos
130348|Higor Cesar
130349|Gerson Gusmao
130350|Luciano Sandi
130351|Juan Jose Serrizuela
130352|Adrian Adrover
130353|Marius Maldarasanu
130354|Sandro Virgulino
130355|Reginaldo Fino
130356|Jorge Saran
130357|Marcelo Gomes
130358|Marcelo Marelli
130359|Eberson Antonio
130360|Parraga
130361|Jose Carlos
130362|Fred Silva
130363|Paulo Campos
130364|Peterson Martins
130365|Anderson Souza
130366|Fernando da Silva
130367|Junior Amorim
130368|Glauber Ramos
130369|Alfredo Grelak
130370|Carlos Mayor
130371|Matias Modolo
130372|Rancheiro
130373|Guillermo Szeszurak
130374|Lautaro Jachulote
130375|Enache Costea
130376|Leonardo Lemos
130377|Ricardo Drubscky
130378|Fernando Almeida
130379|Thalisson Rocha
130380|Nilson Correa
130381|Tiago Longo
130382|Emanoel Sacramento
130383|nico Sergio Araujo
130384|Nilson Correa
130385|Wallace Lemos
130386|Gustavo Brancao
130387|Aloisio Junior
130388|Alex de Souza
130389|Flavio Lopes
130390|Paulo Helber
130391|Nazareno
130392|Riberino Guagual
130393|Gabriel Schurrer
130394|Leo Grozavu
130395|Mike Mururi
130396|Jazon Vieira
130397|Sergio Gomes
130398|Juan Avila
130399|Walter Paolella
130400|Marcelo Straccia
130401|Tetsuzan Yamachi
130402|Naoki Soma
130403|Francisco da Silva
130404|Bobby Smyrniotis
130405|Hernan Crespo
130406|Alan George
130407|Kiko Lozzano
130408|Michal Gasparik
130409|Sergej Jakirovic
130410|Adrian Mihalcea
130411|Nikolaos Papadopoulos
130412|Reginaldo Franca
130413|Lourival Sander
130414|Dibraldinho Santos
130415|Mack Habasso
130416|Rubinho
130417|Marcelo Xavier
130418|Gabriel Belfort
130419|Emerson Cris
130420|Marcos Valadares
130421|Juliano Santos
130422|Vadinho
130423|Leandro Sena
130424|Manitto Zinga
130425|Jacinto Pinto
130426|Charles Guerreiro
130427|Bruno Teixiera
130428|Diego Souza
130429|Golias Matuzzi
130430|Vinicius La Porta
130431|Betinho Assuncao
130432|Matheus Lima
130433|Anibal Honorato
130434|Paulo Costa
130435|Dario Lourenco
130436|Joao Paulo Lemos
130437|Wilsomar Sena
130438|Hildo Baiano
130439|Jairo Nascimento
130440|Luciano Quadros
130441|Emerson
130442|Maneca Siriaco
130443|Celso Tadalla
130444|Sebastien Desabre
130445|Ito Roque
130446|Diego Nogales
130447|Karim Mokeddem
130448|Leo Goiano
130449|Vincent Bordot
130450|Vincent Ehouman
130451|David Vignes
130452|Roland Vieira
130453|Marek Jarolim
130454|Hans Erik Ødegaard
130455|Oriol Riera
130456|Nikica Jelavic
130457|Mario Carevic
130458|Davor Mladina
130459|Pedro Miguel
130460|Maike Mais
130461|Dema Guerreiro
130462|Adelmo
130463|Abraao Amaral
130464|Paulo Helber
130465|Silvio Criciuma
130466|Fabricio Bento
130467|Joaquim Nego
130468|Negreiros
130469|Donizete Barbosa
130470|Lierte Pastre
130473|Ruben Forestello
130508|Jose Luis Trejo
130509|David Gonzalez
130510|Gabriel Michel
130543|Ledesma
130549|Arilson
130596|Agostinho Bento
130614|Erivaldo Oliveira
130615|Lucas Amorim
130616|Waldir Papel
130623|Madson Lima
130624|Pretinho
130626|Marcinho Lira
130627|Alan George
130831|Sergio Fonseca
130832|Orest Shala
130833|Celso
130834|Tulipa
130901|Sinomar Wladimir Araujo
130903|Pablo Godoy
130975|Karim Masmoudi
131000|Sandro Duarte
131006|Roger Johnson
131018|Angelo Harrop
131044|John Askey
